p,ford,fI,fII
10000001041,5880,726,254
10000003129,5670,683,262
10000003441,4806,542,259
10000005289,5784,678,286
10000006921,5562,652,275
10000007761,5676,683,263
10000009009,3804,457,177
10000009489,6078,763,250
10000010329,4140,495,195
10000010689,5592,634,298
10000011121,4662,559,218
10000011529,4398,518,215
10000011841,5064,597,247
10000012849,4992,584,248
10000013041,6366,743,318
10000013689,6576,774,322
10000014649,5544,666,258
10000015321,5304,646,238
10000016569,5508,625,293
10000017241,5688,629,319
10000017409,6354,776,283
10000018081,4704,554,230
10000020241,4260,492,218
10000020529,4866,585,226
10000020769,6666,813,298
10000021249,3714,449,170
10000021921,5688,684,264
10000022089,4992,616,216
10000022209,4728,554,234
10000023289,4140,474,216
10000023721,3900,460,190
10000023889,4416,514,222
10000024129,5796,672,294
10000025569,5652,678,264
10000026409,7464,950,294
10000028809,4416,503,233
10000030489,5634,676,263
10000030681,5142,587,270
10000031161,4896,580,236
10000031521,4806,599,202
10000033009,5298,661,222
10000033969,4974,577,252
10000034641,5280,614,266
10000035649,6408,789,279
10000036369,5256,646,230
10000037161,5250,601,274
10000037209,6180,732,298
10000037401,7416,869,367
10000038241,5478,643,270
10000039249,5148,631,227
10000039561,5820,665,305
10000039681,4968,587,241
10000039921,4050,466,209
10000042081,5340,645,245
10000042369,5598,657,276
10000044049,6222,722,315
10000044289,5238,605,268
10000045129,4824,557,247
10000045801,5094,580,269
10000046449,5604,655,279
10000048489,5700,654,296
10000050001,6306,761,290
10000050169,6120,738,282
10000050481,4968,557,271
10000051681,4686,553,228
10000053289,5412,643,259
10000054849,5076,605,241
10000056721,6384,778,286
10000056889,6588,756,342
10000057201,4428,515,223
10000057489,4146,491,200
10000057729,4830,550,255
10000058881,5142,631,226
10000059169,5376,644,252
10000059721,5352,629,263
10000060561,5250,613,262
10000061761,4668,542,236
10000062361,4566,518,243
10000063201,5520,710,210
10000064089,5310,661,224
10000064929,4800,557,243
10000066561,5346,642,249
10000067281,4674,543,236
10000067569,5238,595,278
10000067809,5034,556,283
10000069081,4866,563,248
10000069129,5562,657,270
10000069801,4782,558,239
10000070161,4920,575,245
10000072441,5430,656,249
10000074001,4194,485,214
10000074289,5034,572,267
10000074529,4536,519,237
10000076809,4962,589,238
10000077049,5562,672,255
10000077481,6456,831,245
10000077889,6120,708,312
10000079569,6150,725,300
10000080241,5484,641,273
10000081081,5004,584,250
10000081681,5202,612,255
10000082569,4740,555,235
10000082689,6324,714,340
10000083241,5046,578,263
10000083409,5796,678,288
10000083529,6078,754,259
10000084201,5856,659,317
10000084249,4836,558,248
10000085281,5592,660,272
10000085881,4962,593,234
10000086049,6090,762,253
10000086961,5946,705,286
10000087441,5832,686,286
10000089289,4566,544,217
10000090129,4962,571,256
10000091161,4494,522,227
10000092001,4962,553,274
10000092481,4698,546,237
10000093009,4776,567,229
10000093849,4488,533,215
10000094281,5694,669,280
10000096681,4530,481,274
10000096801,5724,694,260
10000098529,4350,494,231
10000099561,4890,589,226
10000100161,4620,554,216
10000100329,6174,745,284
10000100401,5406,656,245
10000101721,5016,580,256
10000103569,4140,495,195
10000103929,5562,659,268
10000104409,5082,606,241
10000106209,5040,624,216
10000106929,4638,532,241
10000107121,4824,565,239
10000108561,4344,522,202
10000109401,5196,636,230
10000109641,5736,650,306
10000111081,5268,614,264
10000111129,5382,629,268
10000111321,5262,630,247
10000111801,5304,614,270
10000111969,4338,498,225
10000112641,4602,514,253
10000114321,4650,571,204
10000114441,4164,487,207
10000114609,5796,670,296
10000115161,4950,573,252
10000118041,5610,675,260
10000118809,5610,642,293
10000118881,4200,482,218
10000119361,4572,523,239
10000120561,5430,633,272
10000122409,5826,683,288
10000123249,5310,635,250
10000123729,5652,651,291
10000124089,4974,586,243
10000124401,4806,541,260
10000130281,5202,644,223
10000130449,4344,520,204
10000130809,5358,650,243
10000131121,5664,668,276
10000131649,5916,684,302
10000133161,6702,822,295
10000134769,4638,539,234
10000135441,4830,582,223
10000135609,5166,624,237
10000135681,8490,974,441
10000138201,4974,555,274
10000139521,5136,579,277
10000140361,5910,645,340
10000140649,5592,647,285
10000141321,4374,508,221
10000141561,5202,591,276
10000141729,6180,737,293
10000143409,4494,498,251
10000143841,5292,639,243
10000147249,4734,553,236
10000147441,4860,552,258
10000147921,4668,544,234
10000148089,6510,793,292
10000148281,6390,761,304
10000148881,5130,600,255
10000150969,5208,598,270
10000152121,5460,607,303
10000152289,5028,613,225
10000152961,5244,618,256
10000153081,4542,531,226
10000153489,5892,738,244
10000153921,4146,489,202
10000154161,6228,736,302
10000154641,4908,568,250
10000156609,4302,493,224
10000157161,5352,624,268
10000157329,5274,628,251
10000157689,4656,537,239
10000158001,4938,577,246
10000158361,5928,690,298
10000159009,4818,520,283
10000161361,5238,593,280
10000162369,5484,640,274
10000162729,5628,662,276
10000163209,5976,702,294
10000164049,5220,620,250
10000164169,5838,693,280
10000165081,5442,646,261
10000166521,4938,606,217
10000166929,4830,570,235
10000168609,6000,729,271
10000169761,4254,501,208
10000169929,5316,640,246
10000170121,5820,709,261
10000170289,4656,539,237
10000171801,6126,683,338
10000172641,5364,616,278
10000173481,4866,556,255
10000173961,5334,666,223
10000175089,5382,645,252
10000175161,4416,507,229
10000175929,4608,536,232
10000176841,5814,690,279
10000178449,6000,718,282
10000178689,5172,615,247
10000180129,4674,505,274
10000180369,4284,499,215
10000181641,5592,673,259
10000181689,4692,534,248
10000183489,5298,617,266
10000184401,4548,503,255
10000185001,4572,530,232
10000186849,4038,505,168
10000187761,5568,616,312
10000187929,6456,763,313
10000189369,5136,617,239
10000190929,5928,700,288
10000192129,6066,715,296
10000193641,4734,549,240
10000194289,4986,589,242
10000194481,5298,621,262
10000195801,6204,699,335
10000196329,4764,536,258
10000197601,5112,607,245
10000198321,4584,552,212
10000199281,5694,689,260
10000200121,5244,636,238
10000200169,4470,541,204
10000200361,5472,636,276
10000201369,5772,672,290
10000202041,5220,633,237
10000202209,6150,722,303
10000205161,5544,658,266
10000205209,4500,520,230
10000205881,4446,510,231
10000206001,4614,545,224
10000206241,4590,532,233
10000207561,5604,646,288
10000207681,5184,653,211
10000208089,5442,652,255
10000209361,4632,530,242
10000210249,5250,610,265
10000210921,5178,653,210
10000211041,5346,640,251
10000211209,5130,600,255
10000212049,4416,520,216
10000212289,5856,642,334
10000212961,6522,791,296
10000213801,5748,690,268
10000214281,4752,550,242
10000215289,5160,592,268
10000215481,4146,499,192
10000216129,5712,666,286
10000216321,5592,651,281
10000217761,5364,643,251
10000218169,5310,638,247
10000218841,6756,784,342
10000220689,7032,813,359
10000221529,4410,496,239
10000221961,5004,608,226
10000223209,4398,515,218
10000223641,5124,593,261
10000225321,4710,551,234
10000226161,4860,595,215
10000227409,6066,690,321
10000228081,5292,607,275
10000228729,5706,647,304
10000229401,5016,611,225
10000230601,4734,527,262
10000232089,5472,645,267
10000232449,4194,496,203
10000233961,5070,560,285
10000234129,5712,670,282
10000234609,4650,569,206
10000234729,5040,585,255
10000234801,6666,811,300
10000235809,4638,522,251
10000236289,6126,741,280
10000236481,4404,507,227
10000237129,5322,639,248
10000237249,5070,566,279
10000237801,4800,554,246
10000237969,4854,557,252
10000238161,4944,572,252
10000238329,3924,439,215
10000238641,5796,686,280
10000239481,4284,506,208
10000239649,4668,575,203
10000240681,5088,599,249
10000241281,5124,599,255
10000241689,4788,574,224
10000242361,6276,743,303
10000244041,5484,661,253
10000245721,5820,638,332
10000247209,5664,675,269
10000249729,5616,633,303
10000249849,5496,671,245
10000250089,4878,563,250
10000250401,4950,573,252
10000251409,4404,507,227
10000252081,6534,779,310
10000252921,4926,597,224
10000254049,5334,643,246
10000254601,4206,491,210
10000254721,4818,574,229
10000255561,4836,595,211
10000255801,5412,590,312
10000256809,5442,644,263
10000258129,4230,486,219
10000259089,5982,721,276
10000259761,5598,698,235
10000260649,5172,639,223
10000263529,4656,559,217
10000263841,4806,565,236
10000263961,4614,543,226
10000264969,4836,595,211
10000265809,4926,598,223
10000265881,6000,701,299
10000266049,4506,514,237
10000266481,5430,624,281
10000267369,5298,601,282
10000267489,4920,576,244
10000268209,4608,566,202
10000268401,4716,569,217
10000269001,6204,793,241
10000269241,5388,638,260
10000270249,6366,780,281
10000271689,5208,646,222
10000273441,5658,660,283
10000274209,5142,624,233
10000274761,4728,538,250
10000276609,4272,495,217
10000276729,4152,466,226
10000277401,5622,652,285
10000278289,4704,541,243
10000279249,5520,614,306
10000279921,5220,635,235
10000280161,4992,603,229
10000280761,4404,522,212
10000281601,5346,658,233
10000281649,5094,620,229
10000282441,6870,841,304
10000284529,3966,443,218
10000284841,4212,487,215
10000285369,4140,466,224
10000285681,4758,561,232
10000286689,5244,608,266
10000286809,6018,715,288
10000288561,4446,524,217
10000289161,4908,570,248
10000289881,4878,593,220
10000290889,4236,500,206
10000292761,5238,619,254
10000293241,4608,523,245
10000293361,5352,641,251
10000293529,5700,675,275
10000296289,5496,635,281
10000296721,5292,653,229
10000296769,4986,612,219
10000297441,5298,646,237
10000299409,5130,596,259
10000299649,5472,646,266
10000300969,5382,619,278
10000301329,4896,593,223
10000302601,4632,549,223
10000303849,5754,633,326
10000304161,3978,453,210
10000304449,4512,526,226
10000305361,5208,600,268
10000306681,5046,568,273
10000306969,5076,581,265
10000307881,6312,734,318
10000308481,4590,545,220
10000310329,3780,432,198
10000310569,5640,680,260
10000311001,5952,660,332
10000311169,6540,729,361
10000311241,5616,664,272
10000313689,5544,665,259
10000313761,5364,605,289
10000313929,4800,590,210
10000315609,5202,613,254
10000315921,5532,667,255
10000316089,5598,654,279
10000316281,4362,520,207
10000317121,5190,633,232
10000317721,5460,676,234
10000318129,5862,716,261
10000318729,5910,710,275
10000319449,5148,616,242
10000321489,6438,743,330
10000322089,5400,633,267
10000325161,4752,554,238
10000326001,6054,724,285
10000326361,5670,655,290
10000326529,5382,642,255
10000327801,4236,486,220
10000328521,4734,566,223
10000330369,5004,600,234
10000332169,4602,535,232
10000332241,5166,567,294
10000332409,5358,615,278
10000333009,5208,625,243
10000334401,4968,598,230
10000334569,6402,788,279
10000336369,5268,615,263
10000336441,7392,869,363
10000337041,4974,588,241
10000337209,5244,619,255
10000337881,4446,527,214
10000337929,5082,574,273
10000338121,4782,565,232
10000338721,4488,519,229
10000338769,5076,609,237
10000342249,5034,562,277
10000343641,5628,686,252
10000343761,5196,600,266
10000344769,5484,664,250
10000345609,4866,561,250
10000348129,5334,641,248
10000348801,4758,555,238
10000349041,4764,560,234
10000349521,5652,704,238
10000349641,4884,550,264
10000349881,5598,639,294
10000350361,5094,623,226
10000350721,4092,452,230
10000350889,4398,529,204
10000352161,5148,633,225
10000353409,5838,706,267
10000354729,3996,495,171
10000355089,5256,622,254
10000355401,5538,648,275
10000355929,4812,555,247
10000356601,4782,557,240
10000358089,5268,648,230
10000358281,4314,503,216
10000359289,6132,734,288
10000359601,4836,559,247
10000360441,4722,559,228
10000360561,4392,487,245
10000360729,4272,498,214
10000362121,4794,532,267
10000362409,6054,732,277
10000362649,4914,584,235
10000363489,4626,543,228
10000364929,4440,542,198
10000366609,5274,603,276
10000367281,5952,678,314
10000367329,5052,598,244
10000368529,6126,717,304
10000369201,6876,848,298
10000369369,6318,755,298
10000370209,4662,561,216
10000370641,6180,710,320
10000371361,5628,654,284
10000371481,5382,620,277
10000371649,6228,747,291
10000373161,4284,503,211
10000374841,6198,753,280
10000374889,5946,644,347
10000375009,4176,471,225
10000375081,5256,620,256
10000376929,4734,543,246
10000377241,4698,544,239
10000377601,4590,532,233
10000379209,5664,703,241
10000379449,5052,569,273
10000380121,4146,511,180
10000382449,6270,728,317
10000382569,4764,537,257
10000383241,4848,592,216
10000384321,4776,571,225
10000384489,4926,568,253
10000385089,5784,678,286
10000386481,5094,595,254
10000386769,4830,541,264
10000387009,5778,690,273
10000387609,4968,603,225
10000387849,4212,481,221
10000389361,5484,634,280
10000390801,5094,630,219
10000391041,5040,589,251
10000393201,5658,696,247
10000393489,5118,592,261
10000393729,5820,705,265
10000395169,5784,733,231
10000396249,5232,623,249
10000396921,5280,652,228
10000397521,5328,630,258
10000397761,5448,645,263
10000398241,4554,524,235
10000398361,5496,657,259
10000399081,5124,596,258
10000399921,5922,714,273
10000400041,4944,566,258
10000400209,7374,876,353
10000401889,4854,597,212
10000402129,4764,565,229
10000403641,6324,759,295
10000405081,5424,670,234
10000405801,4596,541,225
10000405969,5190,602,263
10000406761,5826,656,315
10000407169,4296,508,208
10000408489,5532,661,261
10000409281,3750,419,206
10000410169,4404,526,208
10000410529,5430,694,211
10000411849,4638,524,249
10000411969,5364,624,270
10000412641,5202,632,235
10000412881,6594,784,315
10000413649,6132,714,308
10000417081,5076,620,226
10000418569,6114,733,286
10000418689,4434,502,237
10000419529,4740,562,228
10000420609,5160,598,262
10000421209,4422,504,233
10000421881,5304,622,262
10000422721,4062,466,211
10000422889,5604,641,293
10000423129,5676,647,299
10000424281,4278,524,189
10000426129,4602,556,211
10000427161,5424,638,266
10000427329,6102,693,324
10000427809,5016,586,250
10000428001,4548,543,215
10000429321,4902,579,238
10000430281,4644,550,224
10000433881,5370,635,260
10000434649,5388,660,238
10000434721,4956,571,255
10000434889,5376,614,282
10000435561,4692,548,234
10000437001,4614,542,227
10000437841,4128,487,201
10000438681,4818,559,244
10000440409,5928,691,297
10000441081,5868,715,263
10000441201,3780,441,189
10000441441,4002,474,193
10000442209,6126,736,285
10000442281,6444,795,279
10000442761,4842,578,229
10000443289,4134,471,218
10000443721,4548,531,227
10000443889,5256,652,224
10000444609,4662,553,224
10000446241,5328,625,263
10000446289,5412,609,293
10000446409,5076,586,260
10000446649,5964,697,297
10000447129,4836,560,246
10000447321,5826,662,309
10000449601,4446,522,219
10000449649,4392,506,226
10000451281,5664,647,297
10000452841,5538,658,265
10000452961,5382,639,258
10000455889,6492,812,270
10000456489,4122,488,199
10000459009,6642,837,270
10000460761,5316,605,281
10000460929,4530,529,226
10000462249,5430,633,272
10000462369,4362,528,199
10000462609,4002,478,189
10000463881,4764,563,231
10000464889,4962,560,267
10000464961,5094,634,215
10000465729,4866,577,234
10000467409,5196,571,295
10000468129,5496,629,287
10000468801,6582,791,306
10000468969,4956,574,252
10000469641,5820,733,237
10000471321,4608,538,230
10000471489,4974,580,249
10000473001,4848,556,252
10000473121,4584,532,232
10000473961,5802,681,286
10000475689,6822,805,332
10000477369,4926,586,235
10000477489,5364,659,235
10000477561,4542,545,212
10000478209,5586,706,225
10000478329,5046,590,251
10000478569,6258,716,327
10000480249,5484,624,290
10000481089,5202,625,242
10000481521,5130,590,265
10000481929,4758,584,209
10000482601,5430,647,258
10000483201,5454,614,295
10000484281,6000,712,288
10000484761,4710,559,226
10000485601,5136,629,227
10000485769,4788,547,251
10000486729,4938,570,253
10000487401,4602,543,224
10000487641,4110,445,240
10000488241,5322,621,266
10000488409,5352,625,267
10000490641,5454,633,276
10000491769,6402,747,320
10000492009,5034,609,230
10000492321,4992,591,241
10000492441,4818,537,266
10000492609,5472,611,301
10000493281,5154,601,258
10000494841,5142,601,256
10000494961,5076,584,262
10000495009,5784,710,254
10000495129,5136,601,255
10000495369,5190,624,241
10000495801,4866,568,243
10000496521,4728,582,206
10000497361,4842,587,220
10000497889,6312,744,308
10000498201,4842,541,266
10000499161,4746,579,212
10000500001,6216,742,294
10000500241,5016,583,253
10000500721,5280,627,253
10000501009,8106,934,417
10000501561,5244,642,232
10000502521,5022,605,232
10000502929,5586,678,253
10000503241,5412,631,271
10000503361,4890,613,202
10000505089,4530,534,221
10000505761,4812,577,225
10000507129,4872,582,230
10000507441,4764,570,224
10000507969,5334,615,274
10000508569,4218,498,205
10000509121,4410,534,201
10000509241,5988,730,268
10000509481,4212,507,195
10000511089,8676,978,468
10000512481,4410,500,235
10000513489,5502,667,250
10000513681,6630,781,324
10000513849,5550,647,278
10000515169,6678,768,345
10000515361,4368,524,204
10000515961,4914,548,271
10000516129,6672,753,359
10000518049,6360,759,301
10000518361,5046,596,245
10000520161,5034,595,244
10000520209,5658,664,279
10000521241,5766,684,277
10000522249,5208,592,276
10000522921,4602,527,240
10000524409,5136,614,242
10000524529,5322,621,266
10000525081,5244,569,305
10000526089,5208,637,231
10000526761,4308,500,218
10000526881,4152,496,196
10000526929,5298,607,276
10000527769,4854,570,239
10000527961,5076,602,244
10000528561,4242,477,230
10000529401,4818,577,226
10000529569,4896,566,250
10000530481,6582,796,301
10000530649,6534,774,315
10000531921,4692,538,244
10000532929,4746,576,215
10000533841,4896,572,244
10000534321,4518,539,214
10000537201,5124,606,248
10000537681,5586,666,265
10000537849,5226,641,230
10000538809,5652,690,252
10000539049,5508,680,238
10000539361,4776,570,226
10000539529,5478,666,247
10000539649,4308,511,207
10000540321,5130,606,249
10000540489,5028,602,236
10000542001,5658,677,266
10000542241,6180,728,302
10000542889,5016,594,242
10000543849,5718,671,282
10000544761,4698,531,252
10000544929,5034,576,263
10000545241,5130,590,265
10000545361,3996,464,202
10000547929,4578,530,233
10000548289,6084,717,297
10000548721,5226,610,261
10000548769,6036,701,305
10000549969,4878,578,235
10000550281,5400,653,247
10000551241,4860,597,213
10000552129,5718,649,304
10000552801,6546,792,299
10000554649,6192,732,300
10000554841,5634,658,281
10000555009,4584,503,261
10000555321,3702,425,192
10000555681,4764,546,248
10000556329,5118,586,267
10000557169,5064,579,265
10000557361,4020,481,189
10000557529,4542,530,227
10000557961,5616,641,295
10000559209,4896,570,246
10000560049,5454,633,276
10000562161,5394,635,264
10000564729,3576,398,198
10000565689,5226,613,258
10000566361,5286,611,270
10000570441,4590,509,256
10000570969,4674,550,229
10000571401,5670,691,254
10000571641,4368,513,215
10000572289,5226,600,271
10000572649,5826,665,306
10000573249,6042,705,302
10000573801,4638,526,247
10000574161,5874,738,241
10000574641,4956,600,226
10000575001,5556,670,256
10000575841,4626,546,225
10000576441,4908,600,218
10000576681,4272,488,224
10000578961,6300,758,292
10000581649,5532,641,281
10000582729,6690,777,338
10000583209,4992,584,248
10000583569,5550,690,235
10000584049,3312,377,175
10000585729,5562,670,257
10000586569,5532,659,263
10000589449,7578,940,323
10000589761,5814,666,303
10000590121,5112,623,229
10000590889,4284,530,184
10000591129,6018,700,303
10000591561,6360,726,334
10000591609,6336,740,316
10000591801,5274,615,264
10000592401,4914,577,242
10000593121,4884,575,239
10000593241,5472,651,261
10000593649,6864,841,303
10000594969,5352,621,271
10000595089,4368,525,203
10000595809,4800,557,243
10000596169,4806,552,249
10000596481,6372,756,306
10000596601,6690,807,308
10000597441,4908,579,239
10000597609,6348,779,279
10000598521,4518,518,235
10000600681,4458,525,218
10000600801,4956,563,263
10000601881,4998,605,228
10000603321,5040,595,245
10000603729,4800,564,236
10000605001,4584,561,203
10000606081,4758,555,238
10000606249,6006,698,303
10000606921,5148,641,217
10000607569,4536,534,222
10000609249,4950,599,226
10000610089,5466,675,236
10000610449,4128,497,191
10000610761,4866,584,227
10000610929,5136,622,234
10000611121,5442,625,282
10000611289,4746,563,228
10000611961,5766,672,289
10000613449,5196,608,258
10000613569,4326,510,211
10000614241,5502,655,262
10000614289,4854,553,256
10000614409,5556,669,257
10000615129,6048,729,279
10000615321,5298,623,260
10000615489,6156,743,283
10000615921,5196,591,275
10000616641,4218,496,207
10000617169,6408,744,324
10000617481,4794,571,228
10000619281,6066,691,320
10000620121,6072,724,288
10000620841,4998,607,226
10000622689,4602,517,250
10000625329,5712,707,245
10000626169,6900,809,341
10000627729,5034,564,275
10000627849,5910,697,288
10000627921,5136,579,277
10000630441,5016,578,258
10000630609,6990,837,328
10000631041,4788,566,232
10000631929,5478,651,262
10000632601,4374,490,239
10000633609,4626,563,208
10000635241,4350,506,219
10000635289,4872,584,228
10000635409,4560,550,210
10000635649,4968,568,260
10000636489,5112,600,252
10000637161,5220,626,244
10000637641,4602,560,207
10000638481,4980,588,242
10000639489,4698,552,231
10000639849,6648,788,320
10000640449,6192,756,276
10000641169,5922,697,290
10000641361,7182,848,349
10000641841,5280,624,256
10000641961,5268,635,243
10000642009,6090,726,289
10000642681,5898,708,275
10000643641,4698,531,252
10000644529,5298,620,263
10000645561,4824,564,240
10000648249,6192,713,319
10000648921,4314,517,202
10000649689,4908,572,246
10000649929,5352,631,261
10000650241,4506,550,201
10000651201,5466,659,252
10000651369,5610,685,250
10000652209,5778,665,298
10000652449,5652,711,231
10000653721,5334,624,265
10000653769,5970,691,304
10000653889,5508,641,277
10000655281,5346,644,247
10000656121,4020,478,192
10000657081,5382,660,237
10000657921,4578,541,222
10000658761,5154,579,280
10000658929,6510,812,273
10000659841,5838,694,279
10000660441,4626,542,229
10000661449,3948,434,224
10000662289,5094,619,230
10000663681,4986,595,236
10000664521,5178,597,266
10000664689,5874,653,326
10000664809,5016,590,246
10000665049,5790,698,267
10000665481,4188,489,209
10000665529,5322,624,263
10000666201,5928,694,294
10000666561,4974,598,231
10000667161,5466,641,270
10000668409,5028,595,243
10000672081,4278,492,221
10000672921,5742,684,273
10000673041,6948,838,320
10000673209,7566,914,347
10000674889,5682,679,268
10000674961,6018,726,277
10000675801,4818,550,253
10000676449,4506,525,226
10000676641,5364,650,244
10000677241,5250,639,236
10000678081,5352,631,261
10000678969,4884,590,224
10000679761,4812,561,241
10000680169,5682,657,290
10000680601,6768,794,334
10000681321,4794,556,243
10000681489,6192,750,282
10000681609,6174,717,312
10000682689,5802,699,268
10000683169,4656,536,240
10000683361,5724,718,236
10000684849,4920,579,241
10000686481,5058,573,270
10000686529,6552,793,299
10000688329,4266,489,222
10000690081,5988,744,254
10000691521,5676,683,263
10000691929,6870,820,325
10000692241,4512,525,227
10000693249,5166,609,252
10000693441,4800,592,208
10000694089,3858,434,209
10000695721,5004,598,236
10000696561,5304,642,242
10000697449,5556,651,275
10000697569,4860,603,207
10000698289,5130,573,282
10000699129,5706,693,258
10000699921,5946,678,313
10000700089,5928,707,281
10000700761,5430,665,240
10000701169,6186,723,308
10000701481,4548,549,209
10000705801,5004,597,237
10000706641,4674,576,203
10000706689,4446,522,219
10000707481,5940,718,272
10000707529,5964,683,311
10000708321,5472,643,269
10000708369,4560,523,237
10000709569,5664,661,283
10000710721,4422,505,232
10000711681,4338,508,215
10000712569,4890,579,236
10000713529,6102,732,285
10000713769,6018,726,277
10000714369,8394,992,407
10000714609,4584,540,224
10000716601,4542,548,209
10000716889,4974,593,236
10000717609,4356,506,220
10000719409,6138,721,302
10000719649,5388,613,285
10000719961,5676,642,304
10000722169,5052,599,243
10000723009,5376,627,269
10000723441,5682,665,282
10000724281,5292,586,296
10000725169,5004,615,219
10000725529,5142,634,223
10000727641,4794,529,270
10000728481,5100,607,243
10000728721,4104,462,222
10000729201,4446,543,198
10000730569,5394,635,264
10000731001,4308,512,206
10000731889,4746,554,237
10000732081,4968,600,228
10000732561,4788,575,223
10000735081,5208,608,260
10000735441,5148,589,269
10000735609,5286,611,270
10000736929,5838,691,282
10000738729,5070,587,258
10000739401,4806,577,224
10000739449,5190,609,256
10000739569,6240,753,287
10000739809,5160,574,286
10000740481,5700,674,276
10000740961,4482,511,236
10000741129,6282,751,296
10000741489,7158,818,375
10000741969,5232,609,263
10000742761,5490,654,261
10000743601,4620,547,223
10000744849,6114,734,285
10000749049,5580,652,278
10000749481,5628,673,265
10000751209,6480,747,333
10000751401,4902,565,252
10000751569,5040,576,264
10000751881,6546,786,305
10000752001,4794,548,251
10000752721,4800,586,214
10000753561,5238,603,270
10000754089,4578,520,243
10000754521,6060,740,270
10000755601,5502,649,268
10000755769,6372,742,320
10000756369,4932,588,234
10000757209,4716,538,248
10000758049,4884,566,248
10000760401,5292,612,270
10000760569,7362,828,399
10000761409,4974,574,255
10000762921,5928,700,288
10000763761,4986,581,250
10000764769,5250,638,237
10000764841,4752,557,235
10000767961,5814,654,315
10000768801,4884,551,263
10000769521,4422,532,205
10000769881,4824,547,257
10000770361,5382,613,284
10000770529,5820,661,309
10000771321,5136,617,239
10000773001,5706,680,271
10000773721,5244,583,291
10000774081,4476,506,240
10000774249,5880,704,276
10000775689,5154,585,274
10000777201,5280,602,278
10000777609,5256,609,267
10000777921,5004,585,249
10000778881,4518,536,217
10000779049,5010,599,236
10000779121,6228,686,352
10000779889,4674,567,212
10000779961,4998,614,219
10000782289,4080,442,238
10000782409,6234,824,215
10000783321,4128,476,212
10000784161,5364,629,265
10000784929,5910,750,235
10000785601,3666,403,208
10000785841,5298,628,255
10000786849,4692,538,244
10000787449,6522,755,332
10000787521,5118,595,258
10000788001,4752,564,228
10000788121,4998,569,264
10000788361,5316,634,252
10000790521,5472,660,252
10000791049,5658,694,249
10000793041,5520,653,267
10000793329,5814,695,274
10000794409,5418,629,274
10000795249,4530,549,206
10000795681,5796,664,302
10000796401,6366,754,307
10000796569,3924,470,184
10000798609,5118,588,265
10000799041,4440,521,219
10000800049,4524,538,216
10000800721,5418,648,255
10000800961,5088,611,237
10000801441,4548,571,187
10000803409,3768,448,180
10000803649,5010,582,253
10000804921,4866,570,241
10000805641,5340,633,257
10000806169,5190,608,257
10000807489,4902,564,253
10000809361,4380,487,243
10000810969,6342,786,271
10000812529,5754,681,278
10000813369,4758,549,244
10000813729,4506,510,241
10000814041,4128,483,205
10000815841,3864,453,191
10000816249,5652,669,273
10000816849,5178,575,288
10000817089,5106,593,258
10000817521,5964,727,267
10000818241,5262,578,299
10000818601,5148,609,249
10000824121,5904,690,294
10000825249,5724,701,253
10000825489,5850,696,279
10000825801,4788,598,200
10000827169,5382,660,237
10000828441,6126,716,305
10000828681,5034,600,239
10000830001,5958,708,285
10000830289,5646,696,245
10000831201,5550,633,292
10000833361,4878,589,224
10000834201,5262,587,290
10000834321,5094,608,241
10000834489,5694,666,283
10000835329,4410,513,222
10000837081,6030,738,267
10000837681,4890,599,216
10000839361,5712,674,278
10000840441,5304,641,243
10000841449,4260,504,206
10000842289,5064,592,252
10000842721,4278,510,203
10000842769,5160,610,250
10000844281,4530,557,198
10000844449,6246,757,284
10000844809,4896,571,245
10000845409,4884,572,242
10000845649,4770,587,208
10000846081,5166,630,231
10000846129,5280,595,285
10000846489,7074,827,352
10000847641,5778,678,285
10000847761,6612,740,362
10000848001,4302,498,219
10000849009,6528,767,321
10000849849,5550,659,266
10000850161,5094,611,238
10000851121,5346,612,279
10000851961,4482,520,227
10000852009,4512,526,226
10000853521,5148,587,271
10000853641,5292,643,239
10000853809,6108,757,261
10000853881,6054,675,334
10000860241,5094,584,265
10000860409,5328,617,271
10000860601,5034,620,219
10000860769,5130,611,244
10000861369,5484,635,279
10000861921,5388,644,254
10000862761,5370,627,268
10000863721,4278,507,206
10000864441,5394,642,257
10000864729,4344,500,224
10000865449,4938,573,250
10000866121,4290,483,232
10000866481,5130,590,265
10000867081,4854,586,223
10000867249,5448,646,262
10000867801,4902,546,271
10000868161,5292,609,273
10000869481,4998,610,223
10000870681,6678,794,319
10000871449,6378,769,294
10000873369,4788,580,218
10000873681,5460,630,280
10000873969,3912,450,202
10000874209,5874,698,281
10000875529,5682,645,302
10000875721,4098,505,178
10000876201,4584,546,218
10000878049,5490,666,249
10000879921,5538,664,259
10000881361,4398,487,246
10000882201,5808,711,257
10000882369,4734,584,205
10000883881,5202,584,283
10000884121,5142,614,243
10000884889,5562,615,312
10000885441,5280,644,236
10000885729,5688,688,260
10000886281,4566,527,234
10000887289,5016,586,250
10000887961,4638,536,237
10000888489,5394,635,264
10000888921,5148,628,230
10000889929,4674,534,245
10000890481,3912,484,168
10000890841,6216,722,314
10000891321,5016,581,255
10000893121,5850,734,241
10000893169,4290,499,216
10000893361,5352,635,257
10000893961,4806,578,223
10000894009,4734,563,226
10000896361,3882,440,207
10000896481,4836,568,238
10000896721,4440,529,211
10000897369,5118,597,256
10000897561,6060,715,295
10000898569,6420,747,323
10000899001,4344,506,218
10000899241,6012,767,235
10000899889,5808,665,303
10000900081,7596,906,360
10000900849,3936,452,204
10000901761,4704,547,237
10000902361,6096,719,297
10000903369,5082,612,235
10000904281,4236,489,217
10000905289,4896,590,226
10000905601,4656,562,214
10000906441,4884,566,248
10000906561,5244,626,248
10000907401,5364,618,276
10000908289,4380,524,206
10000908409,6450,857,218
10000908649,5244,614,260
10000908961,5094,600,249
10000909081,4572,539,223
10000909129,4566,566,195
10000910929,5400,604,296
10000912321,3516,400,186
10000912681,4632,532,240
10000913161,5010,590,245
10000913449,6612,747,355
10000914289,5982,685,312
10000916041,4758,558,235
10000916641,4398,496,237
10000917049,6030,730,275
10000917529,4584,539,225
10000918561,5148,589,269
10000919161,4854,602,207
10000920409,5178,610,253
10000920841,5856,689,287
10000921009,5004,600,234
10000921849,5178,603,260
10000922521,5466,664,247
10000924081,4776,587,209
10000924201,4314,499,220
10000924249,5412,632,270
10000925089,3870,425,220
10000925281,4896,547,269
10000926049,5202,614,253
10000926601,4224,484,220
10000926961,4926,579,242
10000927129,6438,747,326
10000930129,5634,709,230
10000933489,5256,602,274
10000933609,5250,641,234
10000934161,6072,714,298
10000934329,5838,694,279
10000935001,6156,723,303
10000935121,5598,594,339
10000935169,5016,589,247
10000935289,6126,700,321
10000935961,5394,597,302
10000936801,4770,574,221
10000938481,4986,577,254
10000938889,6168,715,313
10000939489,6570,776,319
10000940881,5268,639,239
10000941241,5382,625,272
10000941889,5124,616,238
10000942249,4128,481,207
10000942681,4746,557,234
10000943521,5718,676,277
10000944361,5088,609,239
10000944529,5280,616,264
10000944769,4908,556,262
10000945609,5334,635,254
10000947721,5964,709,285
10000947961,4620,555,215
10000948609,4572,559,203
10000949449,5064,589,255
10000950241,6492,799,283
10000950481,5190,624,241
10000951249,4146,505,186
10000951489,4146,484,207
10000951801,4164,495,199
10000952089,8718,1158,295
10000952641,5886,729,252
10000952761,6234,717,322
10000952809,4824,568,236
10000953169,4932,556,266
10000953841,6282,774,273
10000954321,6378,748,315
10000954681,5676,676,270
10000955161,4974,628,201
10000955281,5172,644,218
10000955329,6144,741,283
10000956169,4986,618,213
10000957969,6180,722,308
10000959361,5106,612,239
10000962241,5682,679,268
10000963249,5664,646,298
10000964761,5148,593,265
10000965361,5130,604,251
10000965529,4278,515,198
10000967089,4338,512,211
10000967209,4542,562,195
10000968049,5940,730,260
10000969129,6288,757,291
10000969969,5274,606,273
10000970281,4410,492,243
10000970569,6402,746,321
10000971961,6450,714,361
10000972489,4824,576,228
10000973761,4158,492,201
10000974001,5502,676,241
10000974169,6054,714,295
10000974601,4842,579,228
10000974769,4914,565,254
10000977169,5430,629,276
10000977289,5382,628,269
10000977361,4464,516,228
10000978201,5418,656,247
10000980481,5970,657,338
10000980889,5382,634,263
10000981201,5616,671,265
10000983169,4896,567,249
10000983409,4434,544,195
10000984561,4536,529,227
10000984681,5280,632,248
10000985689,5856,711,265
10000986361,5754,673,286
10000986529,4920,566,254
10000987201,5400,646,254
10000987609,5574,668,261
10000987921,4236,486,220
10000988209,4752,543,249
10000988281,5868,685,293
10000989289,5664,672,272
10000991281,5094,607,242
10000991401,4776,551,245
10000992409,5094,613,236
10000993489,5424,613,291
10000995481,3828,472,166
10000995601,4908,539,279
10000997161,4668,551,227
10000997329,4926,538,283
10000997521,4938,591,232
10000999009,4578,532,231
10000999681,4422,504,233
10000999849,5556,651,275
10001000521,5010,595,240
10001000641,5334,630,259
10001000881,4878,551,262
10001001529,5592,670,262
10001003041,4308,518,200
10001003161,5508,672,246
10001003401,4674,542,237
10001004721,5622,671,266
10001005081,4524,549,205
10001005249,4596,553,213
10001005681,5700,688,262
10001006401,3894,465,184
10001008441,5532,676,246
10001009449,6570,849,246
10001009881,5256,603,273
10001010289,6708,784,334
10001011561,6240,709,331
10001012401,4776,552,244
10001014801,5328,651,237
10001014921,5694,655,294
10001015329,6018,716,287
10001016481,4146,472,219
10001017321,3894,434,215
10001018161,4200,494,206
10001018449,4956,628,198
10001019001,4878,601,212
10001019169,4332,505,217
10001019289,5148,615,243
10001020201,5256,597,279
10001021209,5022,572,265
10001021521,5628,676,262
10001021881,6042,716,291
10001023489,6150,750,275
10001024041,5094,606,243
10001025169,5814,696,273
10001026249,5268,619,259
10001026729,4452,514,228
10001027689,4920,586,234
10001028241,5172,581,281
10001028529,6546,754,337
10001029369,4884,555,259
10001029921,5490,649,266
10001030089,4968,613,215
10001031049,4488,529,219
10001031721,5556,648,278
10001031769,4380,492,238
10001031889,4914,555,264
10001035129,5598,670,263
10001035321,5430,612,293
10001035969,5532,641,281
10001036761,3870,441,204
10001036809,4080,449,231
10001037001,4428,541,197
10001037841,5820,674,296
10001038609,4014,461,208
10001040001,5526,657,264
10001042041,5388,631,267
10001043361,4536,514,242
10001044561,4416,485,251
10001045881,4584,551,213
10001046721,4440,506,234
10001047681,3894,438,211
10001047729,5676,679,267
10001047921,6258,741,302
10001048401,5508,649,269
10001049601,4404,543,191
10001049769,5034,595,244
10001050441,4362,503,224
10001051089,5442,592,315
10001051449,5292,607,275
10001052601,4734,586,203
10001053609,4932,561,261
10001053969,4290,492,223
10001054641,5820,692,278
10001054809,5268,640,238
10001056249,5664,700,244
10001056321,4800,541,259
10001057329,5802,667,300
10001058841,6222,720,317
10001060689,4938,545,278
10001061289,5100,607,243
10001062849,5040,582,258
10001063689,4548,529,229
10001064889,6780,792,338
10001066401,4938,600,223
10001067001,5406,637,264
10001069521,4398,490,243
10001069761,4896,572,244
10001070241,5994,729,270
10001070769,6228,724,314
10001071081,4560,554,206
10001071369,4086,448,233
10001071609,4854,556,253
10001072089,5346,660,231
10001073889,4776,528,268
10001074561,4494,531,218
10001074801,4878,556,257
10001075641,5586,682,249
10001076121,5190,630,235
10001076289,5376,612,284
10001076409,4392,507,225
10001076649,4908,563,255
10001077321,4872,538,274
10001077969,4104,472,212
10001079841,5874,692,287
10001080009,5106,609,242
10001080849,5856,796,180
10001081689,3942,464,193
10001082001,4524,507,247
10001082841,5136,604,252
10001082961,5436,659,247
10001083009,4974,558,271
10001083201,4506,544,207
10001083369,6084,713,301
10001083681,4530,558,197
10001083849,4146,485,206
10001084209,4596,556,210
10001085049,5064,607,237
10001085361,4500,518,232
10001085649,5256,633,243
10001086369,5544,640,284
10001086561,4686,557,224
10001087881,5142,594,263
10001088001,4956,571,255
10001088241,4236,470,236
10001089009,5946,698,293
10001089561,4776,581,215
10001089849,4944,581,243
10001089921,4836,525,281
10001092609,4818,564,239
10001093281,4584,510,254
10001094769,4950,575,250
10001096401,5610,671,264
10001097961,4758,553,240
10001098321,4434,552,187
10001098801,4908,555,263
10001098969,5730,672,283
10001099929,5766,685,276
10001100001,4122,484,203
10001100601,6012,711,291
10001100841,4506,524,227
10001101009,4158,514,179
10001101321,5028,577,261
10001101489,4998,604,229
10001101609,5574,661,268
10001102281,6066,700,311
10001102689,5256,658,218
10001104849,5634,682,257
10001104969,6210,761,274
10001106481,5214,619,250
10001106529,5364,624,270
10001106649,4800,574,226
10001107321,5616,694,242
10001107489,4656,544,232
10001107561,5100,582,268
10001109241,7644,962,312
10001109841,5538,677,246
10001109889,5076,611,235
10001111401,5742,696,261
10001111521,5826,667,304
10001112769,6126,760,261
10001113921,4716,555,231
10001114041,5670,683,262
10001114089,5460,636,274
10001114209,4686,592,189
10001114281,4638,557,216
10001115049,6222,754,283
10001115721,4896,523,293
10001115961,4494,532,217
10001116129,4422,514,223
10001116561,5706,694,257
10001117449,5094,592,257
10001117641,5478,634,279
10001117809,5022,593,244
10001118121,5460,634,276
10001119489,6072,708,304
10001120761,6282,728,319
10001121001,5064,594,250
10001123329,5454,651,258
10001124961,4662,562,215
10001125369,5058,590,253
10001126689,4956,566,260
10001127049,5460,637,273
10001127649,6468,797,281
10001127889,3900,463,187
10001129041,4632,547,225
10001129209,5664,687,257
10001129881,6234,723,316
10001130241,5064,586,258
10001130409,5346,631,260
10001130721,5454,634,275
10001132569,5676,641,305
10001132689,5544,662,262
10001133529,4740,588,202
10001134201,5748,688,270
10001134369,5700,702,248
10001135041,4980,565,265
10001135449,7104,813,371
10001136121,4896,572,244
10001136289,4662,545,232
10001137561,4968,575,253
10001137609,5214,650,219
10001137969,4542,519,238
10001138449,4830,561,244
10001139481,5604,649,285
10001139961,6276,740,306
10001140081,5376,601,295
10001142001,5976,701,295
10001142769,4854,557,252
10001143849,4818,571,232
10001144281,5868,673,305
10001145289,4950,606,219
10001146369,5592,674,258
10001146681,5502,624,293
10001147521,4932,579,243
10001148361,4536,537,219
10001148721,5352,612,280
10001148889,6144,751,273
10001149729,5712,666,286
10001151409,6348,802,256
10001151889,4746,548,243
10001152561,4056,482,194
10001153521,4998,593,240
10001154529,5064,605,239
10001155249,5646,692,249
10001156041,5598,706,227
10001156089,5136,591,265
10001156449,5874,687,292
10001156761,5136,634,222
10001156881,5604,637,297
10001156929,5004,572,262
10001157121,4476,528,218
10001158129,5442,662,245
10001158441,4686,565,216
10001158561,4110,476,209
10001158969,5352,632,260
10001160241,5520,648,272
10001160649,4674,533,246
10001161969,6066,714,297
10001162329,6132,750,272
10001164321,4884,571,243
10001165281,5028,566,272
10001165329,4002,457,210
10001165521,4692,551,231
10001166289,5394,620,279
10001166529,4644,560,214
10001167129,6042,709,298
10001168521,5088,596,252
10001168809,4968,588,240
10001170489,5508,648,270
10001171161,4944,587,237
10001171881,5616,679,257
10001172001,5448,628,280
10001172241,5634,623,316
10001172721,4980,540,290
10001173081,4662,527,250
10001173681,5070,577,268
10001173921,6636,745,361
10001174569,5226,621,250
10001175409,4704,538,246
10001175529,5112,592,260
10001177089,5508,634,284
10001177761,4470,520,225
10001178961,3966,452,209
10001179609,4998,584,249
10001180281,4650,538,237
10001180809,5166,611,250
10001181409,4980,575,255
10001181649,6228,718,320
10001182249,5544,687,237
10001182801,4302,499,218
10001183329,6072,710,302
10001183809,5430,632,273
10001184169,4962,598,229
10001185681,4842,586,221
10001186329,5784,710,254
10001186521,4368,485,243
10001187289,5472,640,272
10001187841,5250,643,232
10001188129,4566,523,238
10001188369,5868,690,288
10001188801,5868,670,308
10001189881,4638,540,233
10001191561,3930,430,225
10001192401,5604,675,259
10001192569,4374,501,228
10001194561,4602,561,206
10001195521,5544,646,278
10001195569,5568,677,251
10001195689,3780,434,196
10001195929,6258,717,326
10001198041,5250,637,238
10001198089,5958,672,321
10001199601,5400,632,268
10001199961,4740,569,221
10001200801,5052,608,234
10001201641,6990,832,333
10001202649,5070,589,256
10001202961,4218,483,220
10001203081,5622,662,275
10001203129,5502,655,262
10001204089,5526,651,270
10001204809,5418,642,261
10001205649,5454,665,244
10001206609,4572,533,229
10001206849,4368,508,220
10001207329,3798,440,193
10001208169,5202,607,260
10001209369,5460,638,272
10001210689,5088,626,222
10001210881,4824,588,216
10001212561,5088,610,238
10001212729,4332,512,210
10001213161,4998,573,260
10001214001,4266,488,223
10001214049,4956,564,262
10001215249,5112,596,256
10001216521,5682,688,259
10001216761,5928,693,295
10001217409,5700,662,288
10001218369,6750,820,305
10001218921,4824,556,248
10001219281,4488,530,218
10001220121,5604,680,254
10001220769,4338,515,208
10001221801,5310,639,246
10001221969,6084,720,294
10001225329,6168,705,323
10001226481,4188,481,217
10001227681,4272,477,235
10001227849,5424,638,266
10001229169,5274,634,245
10001230201,4938,568,255
10001230801,4590,538,227
10001230969,5016,607,229
10001231209,6474,806,273
10001231689,4770,565,230
10001233201,5076,617,229
10001234209,5130,637,218
10001234329,4944,569,255
10001235169,4092,487,195
10001236849,6588,776,322
10001237401,4296,529,187
10001237929,6582,779,318
10001239249,4326,510,211
10001239441,5142,593,264
10001239609,5364,666,228
10001240761,5376,660,236
10001242609,5898,689,294
10001243569,4734,550,239
10001243641,4224,486,218
10001244481,5466,629,282
10001244961,5052,614,228
10001246161,4590,557,208
10001246641,4674,520,259
10001248849,5160,594,266
10001251969,5466,660,251
10001252689,5868,694,284
10001254321,4392,510,222
10001256049,4776,539,257
10001256169,5244,616,258
10001257009,5712,675,277
10001257681,6372,720,342
10001257729,4872,557,255
10001257921,5094,583,266
10001258089,5742,669,288
10001259769,6192,738,294
10001260081,5340,677,213
10001260201,4326,512,209
10001261089,5922,673,314
10001261761,5556,660,266
10001263561,4410,543,192
10001264281,5316,659,227
10001266081,3624,439,165
10001266969,4320,498,222
10001268841,5016,569,267
10001269489,6270,734,311
10001271361,4266,497,214
10001271529,5928,703,285
10001271961,5430,642,263
10001272201,5736,668,288
10001272681,5034,622,217
10001273881,4830,518,287
10001274649,5124,605,249
10001274721,4890,566,249
10001275561,4980,583,247
10001276041,5214,601,268
10001276209,4698,519,264
10001276569,5022,594,243
10001276881,5766,680,281
10001278921,6810,888,247
10001279089,4878,578,235
10001279569,4956,591,235
10001279929,3780,428,202
10001280529,5790,703,262
10001281201,5112,604,248
10001282041,4440,514,226
10001282209,6360,757,303
10001282761,5586,682,249
10001282881,5976,701,295
10001283049,5922,711,276
10001285401,6144,726,298
10001285449,3774,449,180
10001285641,6006,704,297
10001285809,5148,609,249
10001286409,4134,490,199
10001286649,5706,671,280
10001287321,3960,451,209
10001287489,4620,574,196
10001288929,4332,499,223
10001289169,4728,566,222
10001289841,8202,932,435
10001291449,5844,702,272
10001291689,5178,606,257
10001293969,6336,779,277
10001294521,4716,556,230
10001295529,4632,561,211
10001296321,5364,632,262
10001297401,6306,773,278
10001297569,4968,571,257
10001298001,4656,565,211
10001298841,4896,597,219
10001300401,4704,530,254
10001300521,4926,597,224
10001302609,5424,619,285
10001303209,5820,726,244
10001303449,5994,726,273
10001303929,5268,634,244
10001304121,6258,706,337
10001306449,5202,616,251
10001307241,5064,615,229
10001308921,6240,754,286
10001311321,5196,643,223
10001311681,5496,638,278
10001312329,6030,710,295
10001312521,5682,646,301
10001313121,4800,587,213
10001315641,6162,753,274
10001315809,5670,697,248
10001316049,5130,595,260
10001316649,5106,609,242
10001316889,5160,621,239
10001317369,5640,667,273
10001317561,5130,615,240
10001319409,6426,738,333
10001319841,6816,835,301
10001320009,6660,788,322
10001320729,5472,645,267
10001321521,4602,512,255
10001322601,5160,612,248
10001324881,5148,607,251
10001325049,5058,600,243
10001325289,6648,790,318
10001325721,4728,574,214
10001325889,4470,496,249
10001326801,4356,513,213
10001327569,4890,555,260
10001328121,4944,561,263
10001329489,5784,702,262
10001330761,5784,680,284
10001331001,5172,645,217
10001331481,4806,586,215
10001331649,5070,607,238
10001332609,4944,575,249
10001333161,5172,625,237
10001333281,4614,557,212
10001333521,5544,619,305
10001334001,5130,596,259
10001334169,4650,553,222
10001334529,6576,740,356
10001334961,5466,644,267
10001336041,6264,747,297
10001336809,4662,524,253
10001336881,6438,749,324
10001337361,5046,600,241
10001337529,5670,697,248
10001337721,6390,746,319
10001339041,4092,489,193
10001339329,4794,557,242
10001340409,4488,511,237
10001341561,5280,605,275
10001342401,5502,682,235
10001342521,4560,508,252
10001342761,4116,476,210
10001342929,6492,777,305
10001343601,4674,556,223
10001344201,4554,522,237
10001344921,4788,541,257
10001345281,5142,590,267
10001346889,4920,580,240
10001346961,4572,520,242
10001348449,4728,519,269
10001349649,5388,644,254
10001350969,5280,615,265
10001351329,5256,625,251
10001351761,5478,629,284
10001352001,4914,606,213
10001353009,4398,530,203
10001353441,5034,591,248
10001358049,5442,651,256
10001358361,4728,540,248
10001360329,4626,529,242
10001361241,4548,517,241
10001361889,5700,660,290
10001362009,5652,653,289
10001362081,5196,615,251
10001363689,5052,597,245
10001364361,5676,627,319
10001364601,4914,586,233
10001365921,4014,495,174
10001366209,4452,518,224
10001366929,5334,667,222
10001367601,3708,418,200
10001368441,4302,525,192
10001368801,5904,694,290
10001368969,4428,550,188
10001369281,4740,571,219
10001369641,9174,1007,522
10001370289,5142,584,273
10001370481,5130,589,266
10001372089,5652,676,266
10001372929,4800,563,237
10001376841,5046,549,292
10001377369,5454,669,240
10001379889,6300,745,305
10001380489,4764,563,231
10001380561,4848,566,242
10001381881,5040,578,262
10001382841,5070,633,212
10001382889,4704,543,241
10001384401,4500,540,210
10001386249,5430,625,280
10001386921,4782,566,231
10001387881,4134,471,218
10001389129,6096,689,327
10001389441,5148,601,257
10001390401,4938,592,231
10001391121,5052,586,256
10001391241,5742,715,242
10001391289,5466,674,237
10001392321,5898,718,265
10001392801,4308,481,237
10001393161,4272,481,231
10001394001,5508,672,246
10001394769,6018,695,308
10001397001,7620,947,323
10001397529,6180,743,287
10001398009,4518,530,223
10001398801,4584,555,209
10001398969,5214,619,250
10001399209,6402,726,341
10001399641,5586,662,269
10001400889,5574,647,282
10001401321,6768,808,320
10001401369,5424,702,202
10001401561,6354,718,341
10001402329,6000,717,283
10001402569,5286,625,256
10001403409,6474,755,324
10001404921,4614,555,214
10001405521,5340,640,250
10001405929,5490,662,253
10001406361,4812,543,259
10001407249,4284,517,197
10001410801,5814,683,286
10001411449,4578,512,251
10001412241,5160,640,220
10001413489,5004,607,227
10001414641,4932,589,233
10001415649,4338,524,199
10001416681,5340,621,269
10001417281,5208,620,248
10001417689,6306,744,307
10001418001,3816,457,179
10001420881,4680,556,224
10001421481,4902,567,250
10001421649,5082,632,215
10001421889,5988,698,300
10001422729,5088,596,252
10001424409,5016,586,250
10001424721,5658,673,270
10001425081,5598,639,294
10001425249,6762,799,328
10001426089,5568,661,267
10001426401,4578,548,215
10001426569,4854,581,228
10001427361,5598,632,301
10001427529,4572,542,220
10001431729,3864,463,181
10001434249,5070,645,200
10001434321,5202,631,236
10001434921,4500,537,213
10001435089,6078,729,284
10001435329,5124,603,251
10001436169,5388,618,280
10001436649,4308,509,209
10001439001,4944,577,247
10001439361,3750,466,159
10001439841,4812,561,241
10001440201,3852,434,208
10001441689,5742,656,301
10001441809,5658,679,264
10001441881,4878,587,226
10001442049,5838,669,304
10001443561,4866,579,232
10001445241,5670,664,281
10001445409,5874,698,281
10001445721,4530,519,236
10001445841,4248,476,232
10001446009,4566,528,233
10001446729,5604,671,263
10001446849,4236,494,212
10001449201,5586,641,290
10001449441,5430,638,267
10001449609,5850,704,271
10001450089,4830,574,231
10001450209,3558,421,172
10001450881,5718,662,291
10001451769,4902,538,279
10001453281,5556,674,252
10001453809,4566,545,216
10001455081,5070,573,272
10001455489,4614,564,205
10001455801,4788,560,238
10001455969,6810,867,268
10001457001,5244,612,262
10001457601,5448,672,236
10001457649,5082,587,260
10001457769,5202,620,247
10001457841,5052,600,242
10001458321,5814,684,285
10001459521,4980,547,283
10001460841,3918,449,204
10001461801,5220,622,248
10001462521,5100,584,266
10001463649,4872,570,242
10001463889,4944,585,239
10001464489,4830,581,224
10001465209,5046,611,230
10001465569,4698,572,211
10001466001,5496,644,272
10001466169,5850,688,287
10001466889,6768,804,324
10001467921,4728,581,207
10001468089,5862,683,294
10001468929,5514,654,265
10001469409,5100,590,260
10001471089,5238,619,254
10001472049,5892,684,298
10001474401,5916,715,271
10001474641,4998,591,242
10001475961,5292,632,250
10001476129,5376,648,248
10001476321,4386,488,243
10001477809,4998,600,233
10001478601,4440,517,223
10001478841,5172,653,209
10001479009,5538,647,276
10001480689,5436,654,252
10001481961,5400,619,281
10001482009,5790,674,291
10001483881,4662,548,229
10001484721,5964,696,298
10001485321,4212,500,202
10001485561,5016,546,290
10001487169,5310,640,245
10001487241,4158,475,218
10001487409,4422,552,185
10001487721,4494,530,219
10001487841,4590,549,216
10001488249,5208,584,284
10001488729,4674,571,208
10001489689,4530,511,244
10001491081,5496,650,266
10001492929,5454,675,234
10001493721,5538,643,280
10001493889,5526,650,271
10001495281,5706,659,292
10001496649,4092,461,221
10001496961,4068,481,197
10001497321,8088,945,403
10001497801,4536,515,241
10001497921,5508,627,291
10001499481,5016,586,250
10001499841,4254,483,226
10001500321,5370,656,239
10001500441,4998,561,272
10001500609,3894,457,192
10001501161,7710,1037,248
10001501281,4998,593,240
10001501689,4692,537,245
10001502001,4548,520,238
10001502361,6294,730,319
10001502961,5646,651,290
10001503969,5286,633,248
10001504041,3756,411,215
10001504641,5802,698,269
10001505049,5742,676,281
10001506201,4806,570,231
10001508241,5760,695,265
10001508409,4566,513,248
10001509081,5994,703,296
10001509561,4536,540,216
10001510569,5070,598,247
10001510689,5748,680,278
10001511241,6024,726,278
10001511601,5328,649,239
10001512249,4176,493,203
10001512921,5310,587,298
10001513449,4662,544,233
10001515561,6072,734,278
10001515609,5886,705,276
10001515801,4380,531,199
10001517121,5670,659,286
10001517289,4692,573,209
10001518321,4986,593,238
10001519161,5466,625,286
10001519329,6192,743,289
10001519761,3918,470,183
10001520649,5604,645,289
10001520769,4824,556,248
10001521009,5382,620,277
10001522449,5208,598,270
10001523529,5436,654,252
10001525641,5334,606,283
10001527201,5226,580,291
10001527561,4830,576,229
10001528401,5634,691,248
10001528569,6204,712,322
10001529409,5106,594,257
10001529841,5298,605,278
10001530009,4926,598,223
10001530249,5640,644,296
10001530921,5460,639,271
10001531569,5646,687,254
10001531929,5442,629,278
10001532241,5160,561,299
10001532529,4542,515,242
10001533081,4608,524,244
10001534041,4968,610,218
10001534449,5766,657,304
10001535721,4650,551,224
10001535889,5736,668,288
10001535961,5610,612,323
10001536609,4416,530,206
10001536801,4794,549,250
10001539969,4494,519,230
10001541769,5916,670,316
10001542489,5274,591,288
10001543449,4920,582,238
10001543521,6036,757,249
10001544529,4938,595,228
10001545681,4560,523,237
10001546521,4686,561,220
10001546689,5046,580,261
10001547889,4176,483,213
10001548369,5712,696,256
10001549161,5190,618,247
10001549329,5592,684,248
10001549401,6162,712,315
10001550409,5712,665,287
10001551921,4344,496,228
10001552569,6192,719,313
10001552689,5286,627,254
10001552929,5466,620,291
10001553409,3882,452,195
10001554441,7722,920,367
10001555881,5268,624,254
10001558569,5814,732,237
10001559241,5376,669,227
10001560321,5010,615,220
10001560489,5796,665,301
10001560801,4806,548,253
10001561809,5862,686,291
10001562481,3888,450,198
10001562841,5064,570,274
10001563441,4308,476,242
10001563681,5208,623,245
10001565169,5658,666,277
10001565289,5112,583,269
10001566129,4824,580,224
10001566369,6648,756,352
10001566969,5364,617,277
10001567209,6750,819,306
10001567689,5022,570,267
10001567809,5184,603,261
10001568649,6252,760,282
10001568721,5142,591,266
10001569321,4542,527,230
10001570041,4224,486,218
10001570329,5820,706,264
10001570881,5274,594,285
10001571241,5304,620,264
10001571409,6336,727,329
10001572921,5922,683,304
10001573929,4668,563,215
10001574529,4938,619,204
10001574601,5742,682,275
10001576089,5904,692,292
10001576209,4590,504,261
10001576281,5760,681,279
10001577049,5196,624,242
10001577889,4920,575,245
10001578801,4782,532,265
10001580289,5532,662,260
10001580409,4680,565,215
10001580481,5166,604,257
10001580961,6210,765,270
10001582161,5322,664,223
10001582329,5700,683,267
10001582809,4338,475,248
10001583169,5646,705,236
10001583841,4992,597,235
10001584609,4944,575,249
10001584849,3864,451,193
10001585449,5088,589,259
10001585689,6012,687,315
10001587369,4872,615,197
10001587681,4866,571,240
10001587801,5886,686,295
10001587969,5082,580,267
10001588521,5130,567,288
10001589361,5010,582,253
10001589529,5712,669,283
10001589649,6030,711,294
10001591161,5400,637,263
10001592169,4884,584,230
10001592241,5052,609,233
10001592409,5778,652,311
10001592721,5346,624,267
10001592889,6300,738,312
10001593081,4788,560,238
10001594521,5220,609,261
10001595529,5292,645,237
10001596249,5154,604,255
10001596369,6444,767,307
10001597041,5742,655,302
10001598289,5838,682,291
10001599801,4920,590,230
10001599969,4008,479,189
10001600641,6252,721,321
10001601241,4428,530,208
10001601289,5094,628,221
10001602921,5934,695,294
10001604649,4236,486,220
10001605441,4248,474,234
10001607001,5466,639,272
10001608369,3798,467,166
10001608849,5292,616,266
10001609521,5688,683,265
10001610361,4182,478,219
10001610529,4326,478,243
10001612041,5208,621,247
10001612161,5418,632,271
10001613241,4770,559,236
10001614681,5472,632,280
10001614729,6936,806,350
10001614849,8172,989,373
10001616529,4410,516,219
10001617201,6516,756,330
10001617369,5322,622,265
10001619049,5910,692,293
10001619601,4452,499,243
10001619889,5892,694,288
10001622481,5040,583,257
10001623081,6438,746,327
10001623969,4350,520,205
10001624089,4686,591,190
10001624641,5214,595,274
10001625169,6084,725,289
10001625769,5292,628,254
10001625841,5034,584,255
10001626009,5280,619,261
10001627521,5388,680,218
10001628001,4518,511,242
10001628289,5274,631,248
10001628961,4302,528,189
10001629009,5142,613,244
10001629369,5610,664,271
10001629681,5574,665,264
10001630641,5010,601,234
10001632489,5394,612,287
10001632561,7338,876,347
10001633209,4278,485,228
10001633569,5466,619,292
10001634001,6678,777,336
10001635081,5424,625,279
10001635249,4902,589,228
10001635729,5508,636,282
10001636521,6066,726,285
10001636569,6468,795,283
10001638369,5544,652,272
10001638921,5058,576,267
10001639281,5532,663,259
10001640289,5556,694,232
10001640769,6234,703,336
10001641129,4740,560,230
10001642401,5226,597,274
10001643649,6618,763,340
10001643961,4668,560,218
10001644129,4872,571,241
10001646001,6174,712,317
10001646169,5754,710,249
10001647321,5130,600,255
10001647441,5148,597,261
10001647849,4524,538,216
10001648329,4842,554,253
10001648521,5562,639,288
10001649169,4482,533,214
10001649289,4230,488,217
10001649529,4734,555,234
10001650801,5220,626,244
10001650849,4380,523,207
10001652889,5874,686,293
10001653729,4764,549,245
10001654161,4734,555,234
10001654401,5238,619,254
10001654569,4884,577,237
10001655241,6276,749,297
10001658529,5562,677,250
10001659201,5394,633,266
10001660761,4494,516,233
10001661049,5628,649,289
10001661121,4650,543,232
10001661961,6162,684,343
10001662969,4452,509,233
10001663401,4998,575,258
10001665801,5160,614,246
10001666641,5868,692,286
10001666809,4968,604,224
10001667649,4752,550,242
10001668321,5610,655,280
10001669281,3900,471,179
10001670841,5520,682,238
10001670961,5250,624,251
10001671201,5256,617,259
10001672641,4542,537,220
10001673049,5088,588,260
10001673481,5838,707,266
10001674201,4614,554,215
10001674369,5280,627,253
10001674489,4560,536,224
10001675041,5202,618,249
10001675881,5268,601,277
10001676001,4896,574,242
10001676241,6354,765,294
10001677009,5754,694,265
10001677849,4410,528,207
10001677921,4980,583,247
10001678689,5532,652,270
10001681929,5046,603,238
10001683609,5094,633,216
10001684281,5586,676,255
10001685121,4242,481,226
10001685241,4620,553,217
10001685289,5100,588,262
10001685409,3840,434,206
10001686969,5058,565,278
10001688601,5442,667,240
10001692969,4824,562,242
10001693209,5964,721,273
10001693809,4908,535,283
10001694721,5262,620,257
10001696041,5208,580,288
10001696161,5730,691,264
10001696401,5736,684,272
10001697841,5364,615,279
10001698081,5274,605,274
10001698849,5766,668,293
10001698921,4806,540,261
10001701249,4092,480,202
10001702281,5568,642,286
10001702761,5154,607,252
10001703601,4746,588,203
10001704969,4866,579,232
10001705401,6456,786,290
10001705569,5286,628,253
10001706241,6018,733,270
10001706289,5748,647,311
10001708641,4416,534,202
10001708809,5172,635,227
10001709169,4704,572,212
10001709481,5274,612,267
10001710681,4770,534,261
10001711521,6798,828,305
10001711689,6420,766,304
10001713681,5142,614,243
10001713849,5472,625,287
10001714521,5550,672,253
10001714689,5796,679,287
10001714881,4416,517,219
10001715049,5076,602,244
10001715481,5262,579,298
10001716321,5298,637,246
10001716561,5346,611,280
10001716729,8406,1048,353
10001717041,4572,518,244
10001717881,4884,571,243
10001719249,6390,771,294
10001719921,5658,684,259
10001720401,4914,595,224
10001720569,4956,605,221
10001721409,4920,558,262
10001723089,5496,693,223
10001725561,4290,509,206
10001725729,5274,642,237
10001726401,5790,667,298
10001726641,3792,440,192
10001727121,4182,487,210
10001727961,3942,439,218
10001728081,5250,630,245
10001729161,4500,547,203
10001731009,5952,706,286
10001731489,5964,691,303
10001731681,6618,791,312
10001733961,6540,809,281
10001734009,5646,676,265
10001734849,5220,633,237
10001735041,4542,512,245
10001736049,6384,759,305
10001736889,5016,607,229
10001740009,5472,643,269
10001740561,4932,587,235
10001740921,4908,572,246
10001741689,5382,634,263
10001742241,5694,642,307
10001742409,5172,610,252
10001743201,4482,542,205
10001743441,6102,716,301
10001744041,4182,483,214
10001744449,5670,669,276
10001744881,6936,840,316
10001745049,5316,630,256
10001745289,5712,662,290
10001745769,5202,587,280
10001745961,4740,544,246
10001746609,5964,695,299
10001747809,4776,555,241
10001748961,4434,526,213
10001749081,4410,497,238
10001750089,6870,840,305
10001750929,4218,496,207
10001752441,4620,503,267
10001753329,4806,532,269
10001753521,5814,655,314
10001755369,4470,505,240
10001755801,5106,601,250
10001755969,5364,620,274
10001756041,5178,594,269
10001756689,4932,579,243
10001758369,4782,579,218
10001759041,4602,546,221
10001759329,4578,507,256
10001759401,4776,567,229
10001760001,5676,669,277
10001760409,5544,655,269
10001761729,4770,560,235
10001762521,4980,583,247
10001763769,7734,886,403
10001764609,4746,562,229
10001765929,5718,627,326
10001766769,5052,591,251
10001766889,5418,599,304
10001767729,9240,1099,441
10001768281,5652,674,268
10001769649,4044,468,206
10001769961,4656,553,223
10001770969,4578,515,248
10001771089,5100,638,212
10001771929,5070,593,252
10001772481,4836,545,261
10001773609,3636,438,168
10001774161,4506,513,238
10001774689,5028,581,257
10001775841,4776,582,214
10001777041,5160,621,239
10001777209,7344,830,394
10001777641,6576,789,307
10001778529,5070,592,253
10001778649,5982,756,241
10001778889,6330,816,239
10001779369,4602,521,246
10001779729,5238,631,242
10001780209,5310,613,272
10001781721,5298,573,310
10001783761,5322,622,265
10001784769,4938,592,231
10001785249,5052,591,251
10001785369,5448,636,272
10001786761,6516,755,331
10001788129,6210,706,329
10001788729,4494,524,225
10001790481,4986,593,238
10001791249,5724,707,247
10001791321,6264,712,332
10001792329,5022,558,279
10001793001,4746,579,212
10001794321,5358,610,283
10001794441,5466,644,267
10001794609,4800,577,223
10001795161,5574,660,269
10001795449,5130,557,298
10001795689,6474,743,336
10001796121,5520,657,263
10001797129,4530,533,222
10001798881,5808,669,299
10001799889,4326,490,231
10001800201,4710,557,228
10001800321,5988,706,292
10001800489,4836,576,230
10001801569,4890,614,201
10001802169,4752,568,224
10001804521,4242,490,217
10001805361,3900,475,175
10001806081,4614,550,219
10001806369,4194,469,230
10001807089,6888,776,372
10001807929,5160,644,216
10001808889,6006,709,292
10001810281,5046,590,251
10001811289,5346,643,248
10001812081,5238,597,276
10001813641,4584,551,213
10001814481,4536,527,229
10001814601,4620,538,232
10001815009,5832,686,286
10001815849,3918,450,203
10001816521,4920,586,234
10001817121,4998,592,241
10001818009,5178,639,224
10001818129,5526,634,287
10001818681,5472,624,288
10001819209,5322,619,268
10001819521,4590,503,262
10001819689,5268,617,261
10001819809,4608,538,230
10001820889,5130,583,272
10001821201,4368,527,201
10001822329,5190,630,235
10001823001,4602,520,247
10001823241,5910,718,267
10001823409,6930,815,340
10001826361,6366,784,277
10001827249,5748,674,284
10001828041,5592,661,271
10001829961,5640,680,260
10001832481,3750,428,197
10001833129,5124,589,265
10001834929,5124,591,263
10001836441,4740,542,248
10001837449,5814,697,272
10001838169,5682,725,222
10001838841,4890,556,259
10001838961,6750,813,312
10001839201,5730,678,277
10001839681,4968,599,229
10001839801,5100,611,239
10001841481,4704,549,235
10001842561,4074,475,204
10001843041,4638,537,236
10001843329,5724,673,281
10001844001,4848,592,216
10001844241,5646,672,269
10001845561,5652,673,269
10001845681,4356,508,218
10001846089,6372,738,324
10001847529,5736,686,270
10001848081,4380,500,230
10001848249,5526,670,251
10001848369,6234,766,273
10001848921,5382,617,280
10001849881,7140,849,341
10001850121,4788,542,256
10001850289,6252,756,286
10001850721,4344,490,234
10001853241,4800,551,249
10001853649,5238,649,224
10001854321,5490,658,257
10001854969,6132,739,283
10001855329,4704,547,237
10001855641,5094,610,239
10001856649,4620,558,212
10001856769,5160,621,239
10001856841,4740,556,234
10001857321,4566,509,252
10001857681,5130,601,254
10001858161,5028,603,235
10001858281,5154,557,302
10001858689,4548,499,259
10001859289,5430,622,283
10001862361,5358,623,270
10001862649,4884,543,271
10001862721,5334,615,274
10001862889,5436,640,266
10001863369,4668,521,257
10001863561,5478,664,249
10001864209,5034,616,223
10001865001,5550,674,251
10001865889,5070,605,240
10001866249,5184,631,233
10001866681,4560,547,213
10001867761,4998,607,226
10001869201,4632,549,223
10001869609,5982,717,280
10001870449,6162,697,330
10001870881,5328,638,250
10001872561,5160,635,225
10001873569,6114,721,298
10001875321,4026,464,207
10001876161,4590,528,237
10001876329,5088,564,284
10001877601,4614,525,244
10001878441,6372,730,332
10001878609,5454,663,246
10001879449,6138,685,338
10001879689,4860,571,239
10001880289,5556,647,279
10001880529,4752,568,224
10001881969,5220,649,221
10001882041,5568,661,267
10001882521,4704,546,238
10001883049,5214,614,255
10001883889,6528,739,349
10001884369,5244,609,265
10001885329,6888,800,348
10001885401,4728,542,246
10001886889,5502,661,256
10001887009,5808,708,260
10001888569,5880,673,307
10001889409,5520,659,261
10001890201,5730,686,269
10001890441,3672,403,209
10001890609,6444,755,319
10001891209,5196,627,239
10001891281,5580,641,289
10001891881,5172,600,262
10001891929,5304,630,254
10001892289,4170,480,215
10001892889,4992,561,271
10001893729,5706,642,309
10001893969,4644,528,246
10001894401,6060,683,327
10001894641,6558,747,346
10001895121,4896,558,258
10001896921,4392,508,224
10001897089,5946,725,266
10001897329,5790,712,253
10001899009,4626,544,227
10001899849,5292,624,258
10001900329,4800,549,251
10001901529,4770,564,231
10001901841,5484,683,231
10001902129,5964,692,302
10001902201,4812,584,218
10001902369,5874,700,279
10001902849,4704,579,205
10001903689,5892,721,261
10001904721,5910,719,266
10001905201,4626,529,242
10001905561,5622,636,301
10001906329,5472,656,256
10001906401,4902,554,263
10001907001,5136,613,243
10001907169,5112,603,249
10001907841,4614,544,225
10001908729,6570,776,319
10001911609,5664,644,300
10001912761,4968,593,235
10001913049,4866,586,225
10001913289,3912,471,181
10001913601,4500,530,220
10001913721,5772,720,242
10001914129,4452,519,223
10001914609,5112,643,209
10001915281,4680,573,207
10001916481,6048,710,298
10001917801,4470,516,229
10001920441,5220,618,252
10001921161,5418,643,260
10001921329,4038,474,199
10001922169,5178,597,266
10001922361,6048,697,311
10001922529,4722,548,239
10001922961,6462,764,313
10001925361,4956,599,227
10001925481,5214,621,248
10001927041,5076,599,247
10001927329,3924,467,187
10001927569,5256,600,276
10001928841,5676,654,292
10001929081,4248,500,208
10001929681,6330,733,322
10001929849,6360,777,283
10001929921,4950,592,233
10001930401,4404,522,212
10001931529,4890,581,234
10001932249,5040,586,254
10001933041,4842,545,262
10001934049,5826,679,292
10001934121,4536,533,223
10001936401,5472,681,231
10001937961,4812,593,209
10001939161,5478,622,291
10001940601,4950,551,274
10001941009,5364,632,262
10001941321,4890,590,225
10001941489,4800,588,212
10001942521,4284,508,206
10001942689,6114,665,354
10001943361,4956,582,244
10001943529,6756,786,340
10001943961,4206,479,222
10001945689,6384,776,288
10001945809,5286,618,263
10001946049,6714,837,282
10001948569,5544,616,308
10001949889,5718,679,274
10001950681,5412,633,269
10001951521,4212,485,217
10001951761,5130,616,239
10001952529,5748,656,302
10001952769,4848,570,238
10001953249,5454,632,277
10001953921,5142,590,267
10001955121,5850,700,275
10001956609,6528,795,293
10001956969,5826,656,315
10001957569,5736,674,282
10001958121,4374,501,228
10001958481,5448,637,271
10001958961,4386,501,230
10001959249,5436,657,249
10001959801,4812,547,255
10001959969,4926,573,248
10001960329,5076,607,239
10001960929,5004,577,257
10001961001,4812,553,249
10001962609,5298,642,241
10001963281,4716,543,243
10001965681,4482,540,207
10001965849,5352,627,265
10001966521,4488,529,219
10001966641,5382,628,269
10001967049,5316,602,284
10001967361,4044,471,203
10001968321,5634,678,261
10001969881,5664,687,257
10001970889,4428,516,222
10001971729,3996,458,208
10001972689,4188,513,185
10001975089,5868,696,282
10001975761,5784,699,265
10001976289,6132,715,307
10001976889,4974,582,247
10001976961,4998,595,238
10001977729,5436,630,276
10001977969,4440,518,222
10001979409,5664,674,270
10001979649,4560,526,234
10001980801,4692,563,219
10001981929,5214,600,269
10001982769,4770,563,232
10001983009,5088,596,252
10001985001,4716,567,219
10001985289,6672,778,334
10001986801,5370,618,277
10001987209,6198,790,243
10001987641,5232,629,243
10001988049,4614,563,206
10001988649,4254,512,197
10001988889,5532,630,292
10001989201,4638,527,246
10001990161,5484,644,270
10001990569,4716,564,222
10001993761,4842,561,246
10001993929,4950,599,226
10001994241,5388,618,280
10001995369,4992,587,245
10001995921,4806,526,275
10001996761,4986,578,253
10001996881,5226,610,261
10001997121,5034,604,235
10001997769,4200,499,201
10001998561,4416,514,222
10001998729,5316,621,265
10001998969,4830,570,235
10001999809,4722,551,236
10002000649,5304,600,284
10002002089,4524,538,216
10002002641,5454,677,232
10002004321,4482,519,228
10002004849,5184,611,253
10002005161,5772,649,313
10002005449,6066,741,270
10002006169,4086,510,171
10002007009,4986,609,222
10002008881,5856,714,262
10002009049,5706,668,283
10002009649,5406,624,277
10002009889,5010,584,251
10002010321,5124,595,259
10002010561,5760,673,287
10002011881,5454,650,259
10002013081,5736,659,297
10002016201,5022,588,249
10002017761,5310,628,257
10002018721,5694,700,249
10002019441,6138,737,286
10002019609,6156,732,294
10002019969,5964,676,318
10002020401,5070,584,261
10002021121,3864,430,214
10002021241,5268,657,221
10002022081,4776,552,244
10002022321,5724,669,285
10002023089,5568,667,261
10002023809,5556,700,226
10002023929,5034,609,230
10002024649,5118,626,227
10002026329,4602,536,231
10002026689,5574,647,282
10002027361,5166,608,253
10002028801,5364,649,245
10002029641,5322,654,233
10002030889,8286,987,394
10002031561,5514,630,289
10002031729,5502,651,266
10002033049,5682,672,275
10002033841,6942,828,329
10002034249,5088,626,222
10002034561,5772,667,295
10002034849,4872,584,228
10002035521,5016,589,247
10002036409,5088,558,290
10002036769,8292,924,458
10002037369,5100,581,269
10002038041,5040,580,260
10002039889,5262,586,291
10002039961,4950,588,237
10002040129,6192,729,303
10002040441,5550,600,325
10002040969,5748,670,288
10002041281,3984,475,189
10002041641,4602,545,222
10002042121,5490,669,246
10002042289,4548,517,241
10002042409,5784,673,291
10002043489,5280,624,256
10002043801,6138,743,280
10002043921,4068,473,205
10002044329,4956,560,266
10002045169,5532,629,293
10002045481,4416,515,221
10002045769,4422,507,230
10002046489,7710,909,376
10002047281,6462,774,303
10002047449,5442,644,263
10002048361,7716,889,397
10002048961,5526,678,243
10002049969,5118,626,227
10002050809,5004,549,285
10002053041,4650,550,225
10002053161,3834,450,189
10002054409,5466,650,261
10002055249,3756,416,210
10002055681,5058,590,253
10002056401,5004,581,253
10002056689,5508,631,287
10002056929,5106,583,268
10002057361,5046,589,252
10002057409,5544,664,260
10002057601,5160,583,277
10002059929,4848,557,251
10002060121,5346,628,263
10002061441,4446,541,200
10002061609,5400,637,263
10002061801,4818,556,247
10002062281,5112,575,277
10002062569,5334,624,265
10002063241,4200,469,231
10002064081,5550,675,250
10002064249,5190,652,213
10002064921,5388,644,254
10002065641,4782,575,222
10002065761,4776,564,232
10002066001,5394,648,251
10002066601,5490,646,269
10002066769,5316,642,244
10002067489,6354,722,337
10002069361,5928,677,311
10002070129,5652,684,258
10002070369,5316,630,256
10002072889,5268,587,291
10002074041,5712,705,247
10002074209,4512,543,209
10002075841,5400,652,248
10002076681,6084,707,307
10002076921,4536,528,228
10002079369,4662,549,228
10002079609,3996,461,205
10002080041,5400,655,245
10002080089,4074,493,186
10002081961,4308,508,210
10002082561,5010,609,226
10002082801,5586,665,266
10002082969,6300,735,315
10002083449,4980,583,247
10002083809,4680,557,223
10002084121,5244,611,263
10002084289,5316,615,271
10002085921,4944,582,242
10002087769,4626,557,214
10002089161,3666,440,171
10002089329,4584,552,212
10002089521,4506,538,213
10002090841,6510,760,325
10002090961,5154,580,279
10002091201,5880,687,293
10002092641,4998,612,221
10002092809,4566,542,219
10002093481,4590,541,224
10002093721,4374,495,234
10002095209,5502,674,243
10002096889,4818,562,241
10002097081,5820,687,283
10002097681,4560,531,229
10002100081,4392,521,211
10002101041,4920,578,242
10002101089,4992,586,246
10002103609,5202,588,279
10002103729,5388,627,271
10002103801,5532,641,281
10002104401,4638,528,245
10002105121,4218,501,202
10002106249,5100,604,246
10002106489,4812,581,221
10002107329,4176,518,178
10002108841,5406,650,251
10002109009,5748,680,278
10002109441,3918,440,213
10002110329,4098,490,193
10002110449,5688,643,305
10002110689,4974,569,260
10002111121,5160,612,248
10002111289,5310,613,272
10002111961,4662,520,257
10002112369,5688,672,276
10002114361,6630,782,323
10002116041,5580,685,245
10002116161,5160,617,243
10002116569,5094,625,224
10002117001,5958,722,271
10002118921,5196,606,260
10002121609,5058,607,236
10002122209,4944,563,261
10002123121,5994,718,281
10002123601,5682,651,296
10002123889,4932,595,227
10002124441,5160,620,240
10002125401,5292,641,241
10002125641,5574,653,276
10002126649,5424,599,305
10002128089,6288,779,269
10002128329,6324,745,309
10002128761,5958,665,328
10002129649,5196,614,252
10002131329,5502,669,248
10002133201,5076,609,237
10002134041,5046,608,233
10002134521,5142,598,259
10002134689,5730,662,293
10002136369,5052,594,248
10002136489,4704,546,238
10002138049,5082,588,259
10002138721,4818,537,266
10002138841,4920,540,280
10002139009,5616,709,227
10002139729,4692,560,222
10002141241,3978,463,200
10002141529,5850,671,304
10002142081,4518,534,219
10002142441,4956,565,261
10002142921,4746,558,233
10002143449,5442,631,276
10002144121,4830,541,264
10002144961,5802,684,283
10002145441,5418,624,279
10002145609,3810,430,205
10002145801,5310,620,265
10002147481,5844,698,276
10002148081,5274,617,262
10002148249,5292,621,261
10002148489,4512,522,230
10002148921,5322,671,216
10002148969,4872,584,228
10002151321,5166,624,237
10002151441,6000,705,295
10002151609,5958,691,302
10002151681,5892,676,306
10002152161,4638,556,217
10002153001,3882,451,196
10002153289,5592,687,245
10002154849,4044,491,183
10002155641,5022,614,223
10002156049,5058,625,218
10002156481,4632,555,217
10002156721,4722,543,244
10002158209,4884,571,243
10002159169,5514,684,235
10002159241,5976,694,302
10002160081,5262,605,272
10002160249,7008,809,359
10002160921,4398,517,216
10002161569,4830,581,224
10002161761,4266,494,217
10002162601,5064,597,247
10002165049,5526,661,260
10002165769,5262,663,214
10002166129,4284,492,222
10002166441,5520,630,290
10002167449,6198,740,293
10002168409,5232,636,236
10002168961,4644,518,256
10002171481,7896,915,401
10002172009,5796,704,262
10002172849,5388,601,297
10002173161,4848,577,231
10002175009,5166,615,246
10002176209,4710,561,224
10002177721,7554,859,400
10002178729,5226,632,239
10002179881,3840,440,200
10002180889,5412,641,261
10002181921,4926,584,237
10002182929,6534,793,296
10002183769,5544,653,271
10002184081,6906,827,324
10002184201,4746,543,248
10002184249,4674,527,252
10002184609,4830,546,259
10002186049,4602,532,235
10002187441,4770,563,232
10002187801,5436,655,251
10002188569,4926,599,222
10002188809,7728,890,398
10002191809,4440,498,242
10002192001,6588,738,360
10002192649,4416,503,233
10002192841,5004,580,254
10002193441,4950,575,250
10002194281,4920,577,243
10002194689,5466,651,260
10002195001,5412,658,244
10002195121,5154,600,259
10002195169,5784,713,251
10002196681,4242,484,223
10002196849,5826,686,285
10002197209,3942,476,181
10002198889,4692,506,276
10002199369,6006,766,235
10002200209,4668,590,188
10002201241,5976,742,254
10002201409,5916,682,304
10002201841,4656,551,225
10002202009,5256,615,261
10002202849,5076,627,219
10002203401,4458,506,237
10002203689,4668,505,273
10002204769,6132,717,305
10002205249,4716,562,224
10002206089,5262,652,225
10002206449,5172,620,242
10002206881,6198,765,268
10002207049,5100,598,252
10002208561,5094,607,242
10002210289,4956,574,252
10002211081,5406,639,262
10002211489,5076,596,250
10002211801,5298,616,267
10002213649,4734,581,208
10002213769,5562,708,219
10002213841,4170,501,194
10002215281,4080,466,214
10002216001,5298,656,227
10002216121,5034,575,264
10002216529,6264,804,240
10002217969,4950,619,206
10002219529,6390,774,291
10002220489,4674,549,230
10002222049,4500,517,233
10002223681,5256,605,271
10002223729,5208,640,228
10002223849,5454,647,262
10002225769,5028,595,243
10002226609,5400,657,243
10002227041,4140,464,226
10002227089,6252,740,302
10002227761,4896,586,230
10002228289,4308,509,209
10002228601,4710,576,209
10002228889,5940,692,298
10002229609,5262,628,249
10002230281,5802,689,278
10002231121,4644,517,257
10002231649,6576,755,341
10002232129,6570,762,333
10002232921,5442,626,281
10002233089,4134,490,199
10002233161,6540,824,266
10002233641,4674,545,234
10002235609,4134,479,210
10002236449,6036,721,285
10002237361,5040,592,248
10002237841,4986,560,271
10002238369,5922,681,306
10002238801,5340,639,251
10002239881,7044,805,369
10002242401,5208,608,260
10002243241,4650,544,231
10002244009,5808,702,266
10002244561,4464,512,232
10002245089,5472,670,242
10002245401,4470,529,216
10002245521,6612,727,375
10002245761,4968,615,213
10002246409,5310,607,278
10002247921,4758,560,233
10002248209,6480,799,281
10002249289,6942,823,334
10002250561,4374,480,249
10002250801,4584,515,249
10002253249,4812,560,242
10002254161,5214,594,275
10002254809,5628,660,278
10002255841,5106,630,221
10002257329,5286,622,259
10002257449,5862,692,285
10002257521,4806,553,248
10002257689,4728,531,257
10002258121,5736,699,257
10002258169,5028,579,259
10002258529,5046,606,235
10002260809,5610,677,258
10002261649,5244,604,270
10002267361,4854,580,229
10002267409,5556,651,275
10002268609,5196,611,255
10002270601,5250,628,247
10002270769,7356,872,354
10002271561,5712,698,254
10002272281,4230,480,225
10002274129,4794,553,246
10002275161,5064,603,241
10002275641,5424,649,255
10002275761,3750,416,209
10002276649,5544,701,223
10002276769,7236,934,272
10002277321,4398,527,206
10002277489,5172,601,261
10002277609,4554,547,212
10002279361,5532,626,296
10002281881,4614,540,229
10002282049,5430,636,269
10002283201,4440,520,220
10002283321,4398,525,208
10002284041,5082,585,262
10002284401,5400,665,235
10002284569,5346,643,248
10002285001,5166,596,265
10002286081,5298,645,238
10002286249,6198,792,241
10002286561,4950,588,237
10002286681,5388,660,238
10002286729,6768,797,331
10002287521,4626,586,185
10002289441,4704,530,254
10002290929,4758,593,200
10002291769,5352,633,259
10002292609,3972,420,242
10002293449,5070,592,253
10002294121,4902,595,222
10002294961,4878,606,207
10002295249,5778,697,266
10002295801,4524,521,233
10002296761,5160,609,251
10002297649,5208,596,272
10002298321,5076,579,267
10002298681,5676,668,278
10002298849,4884,590,224
10002299521,4998,588,245
10002302209,6228,727,311
10002302881,6528,787,301
10002304321,4176,533,163
10002305041,4740,536,254
10002305161,6438,758,315
10002306889,4974,578,251
10002307849,5382,622,275
10002309241,4530,543,212
10002309769,5040,566,274
10002310441,6066,692,319
10002310609,6456,771,305
10002311089,4842,572,235
10002311281,4536,532,224
10002312121,5202,584,283
10002312721,5430,609,296
10002312769,4518,534,219
10002312961,4704,547,237
10002313561,5190,616,249
10002313729,5436,646,260
10002313801,4284,499,215
10002314401,4884,580,234
10002315121,6576,778,318
10002315409,5460,652,258
10002316081,5136,597,259
10002317089,5226,593,278
10002317329,5502,623,294
10002319009,4356,511,215
10002319441,5982,722,275
10002320281,7344,830,394
10002320329,4122,482,205
10002321529,6132,744,278
10002321961,4854,567,242
10002323689,6108,747,271
10002324361,4704,537,247
10002324529,4878,570,243
10002325369,4632,534,238
10002326041,4992,553,279
10002326209,4830,578,227
10002326881,5262,597,280
10002327001,6390,805,260
10002328081,4710,538,247
10002328729,6078,729,284
10002329089,4998,585,248
10002329929,5004,561,273
10002330601,5916,698,288
10002331201,4554,550,209
10002332281,6324,760,294
10002333049,5058,606,237
10002335449,5244,618,256
10002335641,5148,594,264
10002336481,5460,642,268
10002337489,4758,570,223
10002338809,4764,545,249
10002339001,6294,767,282
10002339481,4458,539,204
10002339649,4278,510,203
10002340009,4524,509,245
10002341329,4884,566,248
10002343129,4668,534,244
10002343849,5022,610,227
10002344641,5586,629,302
10002344881,4188,481,217
10002345361,5466,627,284
10002346369,5862,700,277
10002346489,5754,694,265
10002346561,4200,493,207
10002347881,5682,652,295
10002348001,5148,609,249
10002348241,4824,605,199
10002349561,5790,660,305
10002349681,5352,639,253
10002349729,4956,555,271
10002349849,5790,664,301
10002350089,6264,756,288
10002350569,4620,522,248
10002350689,4656,559,217
10002352081,5790,690,275
10002353041,5400,646,254
10002353761,5808,662,306
10002353929,4350,512,213
10002354289,5874,699,280
10002355969,4692,529,253
10002357481,5160,592,268
10002358489,5424,656,248
10002360001,5166,610,251
10002360481,5022,586,251
10002361321,5172,570,292
10002362281,5772,719,243
10002363169,6516,757,329
10002363289,5100,595,255
10002363961,5862,724,253
10002364201,5628,648,290
10002364369,5742,706,251
10002364969,5148,584,274
10002365689,5400,646,254
10002366529,4698,573,210
10002366889,5100,598,252
10002368401,4956,591,235
10002369841,4392,498,234
10002369889,4884,581,233
10002370009,5106,605,246
10002370561,4590,550,215
10002370681,5562,629,298
10002370921,4932,557,265
10002372241,4518,538,215
10002372769,4074,447,232
10002373081,5376,663,233
10002373609,7284,873,341
10002374449,4992,583,249
10002376609,5838,688,285
10002377401,4218,471,232
10002377569,5550,654,271
10002379129,5220,632,238
10002379249,5688,691,257
10002380761,5034,600,239
10002382609,5046,591,250
10002383689,4134,471,218
10002384361,5304,620,264
10002384841,5070,614,231
10002385369,4872,568,244
10002385681,5304,626,258
10002386521,5496,638,278
10002386881,4416,522,214
10002387049,6636,768,338
10002388321,5436,669,237
10002388489,5676,681,265
10002388729,5682,648,299
10002389329,5304,572,312
10002391561,5412,638,264
10002391849,5748,676,282
10002392089,4836,582,224
10002393361,5676,656,290
10002394609,5568,653,275
10002394921,4662,553,224
10002395449,7680,924,356
10002395881,4890,561,254
10002396049,5136,607,249
10002396601,5166,607,254
10002396769,4194,488,211
10002398281,5358,580,313
10002398569,5034,610,229
10002399409,5946,678,313
10002400129,5562,667,260
10002400801,5058,605,238
10002403321,5058,577,266
10002404161,4980,564,266
10002404329,5190,603,262
10002404521,5538,654,269
10002404689,5466,624,287
10002406201,6210,730,305
10002408049,5250,617,258
10002408529,5736,674,282
10002409489,5544,663,261
10002410161,5550,642,283
10002411241,5028,583,255
10002411841,5196,587,279
10002412561,4740,562,228
10002412921,5910,762,223
10002416929,5766,721,240
10002418441,5772,684,278
10002418969,7782,888,409
10002419281,4536,507,249
10002420121,5076,609,237
10002421081,4740,521,269
10002422761,4470,522,223
10002423001,4512,504,248
10002423481,5910,721,264
10002424321,4818,532,271
10002424609,5634,644,295
10002424681,5532,669,253
10002425161,4842,570,237
10002425281,4572,521,241
10002426121,4254,508,201
10002426361,4530,534,221
10002427009,5088,615,233
10002427801,4362,516,211
10002428641,5136,624,232
10002428881,4596,508,258
10002429049,6222,721,316
10002429529,7542,885,372
10002429721,4836,591,215
10002431161,5112,625,227
10002431401,5622,651,286
10002432169,5208,658,210
10002432241,5190,604,261
10002432841,6714,782,337
10002433849,5076,590,256
10002434521,5256,596,280
10002434569,5598,598,335
10002434929,5466,675,236
10002435241,5478,639,274
10002435361,5268,645,233
10002435409,5844,681,293
10002436201,5076,571,275
10002436369,5514,641,278
10002436441,6498,748,335
10002437281,5286,629,252
10002437761,6162,736,291
10002438049,5526,616,305
10002439129,3978,469,194
10002439441,4566,538,223
10002440449,4542,516,241
10002442921,5250,594,281
10002443161,4818,569,234
10002443929,5916,683,303
10002444169,4734,560,229
10002444481,6294,740,309
10002445681,5442,630,277
10002448129,5250,658,217
10002448681,4560,534,226
10002449209,3552,407,185
10002449641,6546,788,303
10002450529,4890,549,266
10002450721,5136,607,249
10002451489,6882,780,367
10002451729,4332,495,227
10002452041,5328,642,246
10002453001,5184,629,235
10002454249,5502,657,260
10002455521,4824,583,221
10002457369,5508,661,257
10002458881,5280,665,215
10002461281,5268,643,235
10002461569,5928,690,298
10002463129,4512,516,236
10002463489,5658,630,313
10002465169,5928,695,293
10002465601,6228,770,268
10002467281,4290,492,223
10002467329,5850,677,298
10002468169,5682,667,280
10002468529,3642,417,190
10002469849,5250,597,278
10002469969,6282,753,294
10002470521,5220,619,251
10002472201,5616,693,243
10002472729,6024,728,276
10002474241,5184,605,259
10002474721,5418,653,250
10002475009,5832,691,281
10002475921,4944,590,234
10002476689,6096,696,320
10002477601,5130,611,244
10002478081,5796,682,284
10002478249,4320,503,217
10002478609,6246,754,287
10002479089,3990,479,186
10002481129,5256,590,286
10002482401,5082,619,228
10002483121,4530,545,210
10002483241,5040,573,267
10002484321,5634,659,280
10002484489,6480,757,323
10002484969,4554,521,238
10002485161,5796,664,302
10002486601,4974,585,244
10002486841,4704,585,199
10002487849,5124,603,251
10002488329,5934,698,291
10002489169,5700,690,260
10002489961,5250,638,237
10002491041,4542,555,202
10002491809,6876,849,297
10002493729,5694,691,258
10002494041,4848,549,259
10002494569,5604,663,271
10002495049,5670,643,302
10002495169,6174,750,279
10002495409,4152,489,203
10002495889,4362,475,252
10002496849,5070,628,217
10002497929,5130,603,252
10002498601,5634,650,289
10002498769,5352,639,253
10002499609,6366,772,289
10002500089,6042,691,316
10002500449,5034,602,237
10002501961,5388,628,270
10002502441,4296,526,190
10002502969,4806,577,224
10002503449,4776,576,220
10002503569,4524,538,216
10002504121,4530,522,233
10002504649,4998,600,233
10002504961,5250,603,272
10002505081,6126,716,305
10002506161,4722,560,227
10002506641,5016,572,264
10002507001,4308,507,211
10002509449,4458,530,213
10002509689,4740,515,275
10002510289,5190,624,241
10002512809,4140,480,210
10002513049,3672,396,216
10002513361,4578,555,208
10002513721,5238,589,284
10002515041,4608,536,232
10002516409,6390,746,319
10002517561,6450,778,297
10002518689,5292,634,248
10002518761,3348,390,168
10002519361,5166,604,257
10002519409,4722,543,244
10002519529,6072,699,313
10002520081,4482,528,219
10002521929,4398,512,221
10002522289,4776,560,236
10002522889,6438,734,339
10002524281,5670,666,279
10002525241,5556,646,280
10002526321,5586,703,228
10002526489,4818,580,223
10002526921,5328,630,258
10002527329,4626,532,239
10002527761,6870,808,337
10002528769,4668,535,243
10002528841,5490,644,271
10002529681,4416,510,226
10002531529,4062,482,195
10002535201,6030,725,280
10002535321,5358,659,234
10002535729,5316,633,253
10002536209,4980,580,250
10002537169,6156,723,303
10002537409,5094,623,226
10002538561,4680,560,220
10002538849,5988,737,261
10002540241,5052,599,243
10002540409,3660,404,206
10002542041,5112,579,273
10002542089,4926,574,247
10002542281,5376,613,283
10002542881,5748,670,288
10002542929,5418,648,255
10002543769,4626,526,245
10002544441,6108,711,307
10002544729,5208,625,243
10002544969,5454,643,266
10002545569,4632,534,238
10002545809,5748,664,294
10002547129,4134,476,213
10002547249,6510,774,311
10002547969,6132,740,282
10002549169,5388,647,251
10002549769,5910,716,269
10002550681,6300,747,303
10002551521,4398,521,212
10002552169,4272,501,211
10002553969,4812,559,243
10002554041,6840,809,331
10002554641,4782,569,228
10002555049,4848,592,216
10002555481,5766,686,275
10002556321,4674,551,228
10002558169,5802,659,308
10002559561,5106,615,236
10002559849,5016,584,252
10002559921,4848,579,229
10002560401,5610,670,265
10002560761,4752,567,225
10002561409,4704,536,248
10002561601,5496,652,264
10002561769,6126,706,315
10002562081,4836,576,230
10002564289,4062,478,199
10002564889,5682,682,265
10002566281,5244,616,258
10002568129,5244,623,251
10002568921,5334,599,290
10002569761,6312,760,292
10002571849,5958,703,290
10002572329,5040,633,207
10002572449,4590,531,234
10002572689,6216,716,320
10002573001,4818,529,274
10002573961,5214,628,241
10002574201,7578,909,354
10002574849,5502,643,274
10002575881,4020,475,195
10002576361,6000,695,305
10002576721,4638,567,206
10002577489,5094,630,219
10002578569,4662,540,237
10002582409,4392,521,211
10002582529,4638,529,244
10002584041,5574,694,235
10002584089,5856,693,283
10002584209,5742,703,254
10002584881,4944,546,278
10002584929,5388,631,267
10002585289,4974,617,212
10002586441,5022,606,231
10002586609,5520,665,255
10002586969,5274,630,249
10002587401,4818,560,243
10002587641,5136,601,255
10002588121,8868,993,485
10002589801,5478,645,268
10002590089,5442,649,258
10002590329,5574,649,280
10002590761,5460,658,252
10002592489,5880,689,291
10002593281,4644,555,219
10002593449,5166,574,287
10002594169,4410,513,222
10002594961,5436,637,269
10002596041,4206,473,228
10002597049,5262,598,279
10002598729,6000,695,305
10002599401,4284,523,191
10002599569,5190,626,239
10002600841,4740,565,225
10002603529,5016,585,251
10002603601,3774,450,179
10002604081,5514,643,276
10002604441,4482,523,224
10002604921,3912,447,205
10002605449,5172,618,244
10002605761,5352,604,288
10002605929,5202,598,269
10002606049,4950,579,246
10002606721,4800,581,219
10002607129,5214,635,234
10002608401,5178,591,272
10002608569,5592,658,274
10002609961,4698,557,226
10002610801,4656,519,257
10002611809,5166,629,232
10002612481,3924,451,203
10002612649,4740,570,220
10002612769,5130,625,230
10002614161,4494,498,251
10002615169,5172,626,236
10002615841,3990,474,191
10002616681,5298,622,261
10002616801,4746,561,230
10002616849,3852,445,197
10002616969,4674,550,229
10002617809,5718,677,276
10002618529,5250,640,235
10002618721,5136,595,261
10002619321,5508,680,238
10002620161,5004,582,252
10002620209,5430,634,271
10002622081,5064,594,250
10002622921,6702,807,310
10002623089,5046,592,249
10002623689,4692,534,248
10002624241,4350,504,221
10002624361,5808,714,254
10002627289,6240,737,303
10002627889,5790,702,263
10002629281,5322,652,235
10002630409,5118,590,263
10002631489,6264,712,332
10002632089,5184,608,256
10002632161,4326,495,226
10002632641,4878,563,250
10002633601,3588,413,185
10002634321,5310,624,261
10002635161,4938,579,244
10002636169,5340,608,282
10002637129,4974,599,230
10002637369,4464,514,230
10002638689,5646,668,273
10002638881,5364,618,276
10002639529,4164,476,218
10002640201,4746,543,248
10002640321,4464,551,193
10002640369,6630,793,312
10002641569,4866,593,218
10002642721,5418,649,254
10002644521,5490,632,283
10002644929,6522,762,325
10002645769,4596,564,202
10002647089,6600,790,310
10002647449,5460,636,274
10002647929,5640,683,257
10002648049,4860,554,256
10002648961,5550,668,257
10002650809,5382,656,241
10002651121,5250,602,273
10002651409,4632,561,211
10002652801,4296,492,224
10002653329,4932,576,246
10002653641,5406,653,248
10002656281,5508,628,290
10002656449,5880,718,262
10002657361,5262,659,218
10002658201,4920,543,277
10002660361,3840,450,190
10002660529,4950,564,261
10002661369,6420,749,321
10002662161,6474,795,284
10002662569,5814,710,259
10002663721,6084,722,292
10002665401,4608,550,218
10002665521,5028,558,280
10002665689,5070,590,255
10002665929,4782,534,263
10002670609,6432,798,274
10002671449,4608,537,231
10002672289,4620,515,255
10002673081,5568,659,269
10002673321,4356,500,226
10002673801,5232,602,270
10002673969,5784,676,288
10002676009,4932,569,253
10002677689,3894,437,212
10002679801,4812,549,253
10002679849,5730,711,244
10002679969,4914,593,226
10002680641,5298,634,249
10002681529,4362,484,243
10002683401,5460,661,249
10002685009,4734,571,218
10002685681,5364,638,256
10002685729,4584,551,213
10002685921,5544,637,287
10002686521,4500,495,255
10002686761,4854,570,239
10002687361,5256,616,260
10002687529,4686,535,246
10002688441,5022,621,216
10002689209,5754,667,292
10002690601,4596,535,231
10002690721,4326,491,230
10002691441,4752,566,226
10002691609,4314,484,235
10002694249,5040,580,260
10002694321,5184,606,258
10002695761,6558,765,328
10002696001,4818,587,216
10002696601,5490,642,273
10002697849,5688,680,268
10002699361,5700,683,267
10002700801,4512,515,237
10002700849,4980,580,250
10002701041,5826,681,290
10002701641,4656,540,236
10002701809,4950,594,231
10002704329,7128,889,299
10002705049,5700,673,277
10002706249,6348,725,333
10002707569,4410,525,210
10002708361,5022,577,260
10002710209,6372,779,283
10002710761,6246,711,330
10002710929,4842,553,254
10002711049,5436,634,272
10002711721,4452,562,180
10002712129,5700,676,274
10002714409,4554,527,232
10002714961,5118,597,256
10002715321,4284,523,191
10002716161,5124,611,243
10002716761,5184,610,254
10002718441,3882,447,200
10002718681,5190,597,268
10002718849,5382,631,266
10002719281,6000,694,306
10002720289,4788,579,219
10002721009,5040,596,244
10002721129,5022,581,256
10002721369,5796,727,239
10002721849,5574,679,250
10002722209,5976,700,296
10002723481,5724,664,290
10002723889,5094,604,245
10002724561,5334,615,274
10002724729,5088,587,261
10002725569,5268,650,228
10002726001,4890,540,275
10002726049,4890,565,250
10002727249,6414,766,303
10002728521,4836,580,226
10002728569,4806,545,256
10002729769,5880,713,267
10002730201,5106,598,253
10002730609,4740,584,206
10002730921,5160,606,254
10002731929,6414,756,313
10002732889,6078,706,307
10002733129,5580,627,303
10002733561,5628,681,257
10002733801,5634,655,284
10002734641,4866,582,229
10002735481,5808,679,289
10002736801,4908,624,194
10002736969,5130,600,255
10002737089,5142,622,235
10002738769,4752,559,233
10002739441,5424,655,249
10002741289,6024,711,293
10002742201,6240,700,340
10002742801,5778,669,294
10002743041,4854,578,231
10002743521,4638,539,234
10002744721,5046,606,235
10002744889,5832,700,272
10002745201,4854,585,224
10002746881,4638,524,249
10002748081,5652,665,277
10002749089,6384,738,326
10002749929,6312,724,328
10002751201,4518,551,202
10002751249,5340,640,250
10002751441,4746,551,240
10002751921,5436,638,268
10002753721,4752,540,252
10002754969,5076,608,238
10002755449,5448,648,260
10002755809,4932,599,223
10002756481,4584,544,220
10002758641,6072,730,282
10002758929,4836,578,228
10002759001,4512,510,242
10002760609,5496,645,271
10002761689,6162,733,294
10002762361,3822,454,183
10002762841,6342,787,270
10002762961,5244,627,247
10002763129,5346,616,275
10002763801,5214,616,253
10002764209,4740,538,252
10002764881,5892,693,289
10002765361,5838,675,298
10002765529,6228,736,302
10002766321,5220,619,251
10002767041,4854,596,213
10002767209,5622,676,261
10002768889,3864,432,212
10002770929,6966,846,315
10002771409,7830,1026,279
10002771529,6174,759,270
10002771601,4326,512,209
10002772609,5676,674,272
10002773281,5562,683,244
10002773881,5118,603,250
10002773929,5958,707,286
10002774121,5460,661,249
10002774289,5022,568,269
10002775441,4122,461,226
10002775561,5538,656,267
10002775609,4740,566,224
10002775801,5292,617,265
10002776281,4122,492,195
10002776569,5754,688,271
10002776809,5442,641,266
10002777241,5244,620,254
10002777481,4698,552,231
10002778249,5286,641,240
10002778321,4920,611,209
10002779161,4698,600,183
10002779929,5304,655,229
10002780481,4590,543,222
10002780649,5046,589,252
10002780769,5328,632,256
10002781441,4566,536,225
10002781609,6072,705,307
10002781681,4500,556,194
10002782281,6096,748,268
10002785641,5340,622,268
10002786049,4554,512,247
10002786361,6012,697,305
10002788161,5040,591,249
10002790009,4500,509,241
10002790081,6018,722,281
10002790561,4536,527,229
10002790729,5418,630,273
10002791089,4566,533,228
10002791569,5088,606,242
10002792361,4800,572,228
10002793201,4386,521,210
10002794089,5922,676,311
10002794761,4596,549,217
10002795769,5982,703,294
10002795889,4932,597,225
10002795961,5814,661,308
10002796729,6222,680,357
10002796801,6714,783,336
10002797641,4260,522,188
10002797809,4494,502,247
10002798409,5892,691,291
10002798649,4488,509,239
10002799129,4848,583,225
10002800161,5058,553,290
10002800329,6222,737,300
10002800641,5112,614,238
10002801841,6240,716,324
10002803521,6204,731,303
10002804001,4686,557,224
10002804289,5712,663,289
10002804841,5082,561,286
10002805201,4872,570,242
10002806041,5268,618,260
10002806641,4686,565,216
10002807481,5754,698,261
10002809041,4410,513,222
10002810841,4284,489,225
10002811009,5880,648,332
10002812089,6102,672,345
10002812689,4818,568,235
10002813361,4950,610,215
10002814441,6258,747,296
10002815089,5382,642,255
10002816049,6630,876,229
10002816721,5784,696,268
10002818809,5916,677,309
10002819289,5322,616,271
10002819481,5250,628,247
10002820489,5556,633,293
10002820801,4842,588,219
10002821329,5910,713,272
10002822001,5214,638,231
10002823849,5112,584,268
10002824329,4620,544,226
10002825289,5196,626,240
10002827521,4800,565,235
10002827881,5304,623,261
10002828049,5022,621,216
10002828361,5154,589,270
10002829201,5580,647,283
10002829729,4740,600,190
10002830161,5232,673,199
10002830401,5304,594,290
10002830881,4884,542,272
10002833521,5778,691,272
10002834409,5640,658,282
10002834769,5238,608,265
10002836089,5916,682,304
10002837601,4500,503,247
10002839809,5028,629,209
10002842329,4830,591,214
10002843601,5052,593,249
10002843649,7404,885,349
10002843769,6084,709,305
10002844609,5856,700,276
10002846361,5532,657,265
10002847681,5376,671,225
10002848689,5496,637,279
10002848881,6408,753,315
10002849049,5412,651,251
10002849529,5634,675,264
10002852049,4968,588,240
10002852169,5154,626,233
10002853561,5364,630,264
10002853849,5250,612,263
10002854401,4104,501,183
10002855409,5022,597,240
10002855601,5532,679,243
10002857041,4938,606,217
10002857209,4818,565,238
10002857881,4710,523,262
10002858121,5364,623,271
10002859129,5652,655,287
10002860449,6522,751,336
10002861289,5250,662,213
10002862321,4044,479,195
10002863929,4998,564,269
10002864169,5238,621,252
10002864649,6372,752,310
10002865441,6180,717,313
10002865681,4992,612,220
10002867289,5196,582,284
10002867529,5490,656,259
10002868849,5472,642,270
10002869881,4722,508,279
10002870721,5106,604,247
10002871321,4692,538,244
10002871729,5244,621,253
10002872329,5526,663,258
10002874249,4356,521,205
10002875401,4482,514,233
10002875521,4380,500,230
10002875689,5520,656,264
10002875761,6312,757,295
10002876241,5280,642,238
10002876409,5124,631,223
10002876769,5922,682,305
10002877081,5490,610,305
10002877201,5988,690,308
10002877441,6966,810,351
10002877609,4998,587,246
10002878209,4806,551,250
10002878449,6168,738,290
10002879049,5508,671,247
10002879721,5628,655,283
10002879769,4206,496,205
10002879889,5406,668,233
10002880561,4908,563,255
10002881641,5490,635,280
10002882121,5358,607,286
10002882289,4716,552,234
10002882649,6222,721,316
10002883081,4722,543,244
10002883129,4578,546,217
10002883321,5964,737,257
10002883921,5460,641,269
10002884809,4614,566,203
10002885601,4818,565,238
10002885649,5256,601,275
10002886441,4914,574,245
10002887281,5454,652,257
10002888001,4884,568,246
10002889201,7020,915,255
10002889849,5592,698,234
10002890041,3924,468,186
10002890881,4836,563,243
10002891529,4032,460,212
10002892369,6276,737,309
10002892561,5460,646,264
10002894169,5238,655,218
10002895561,5508,666,252
10002896089,5310,652,233
10002897241,4596,529,237
10002899761,4938,580,243
10002901561,4044,465,209
10002901729,5574,686,243
10002901801,5268,594,284
10002902281,4332,521,201
10002902449,5118,611,242
10002902809,4428,504,234
10002904801,5616,666,270
10002904921,4656,558,218
10002904969,5406,645,256
10002905161,4386,528,203
10002908281,4272,501,211
10002910849,5274,632,247
10002911521,4428,525,213
10002911881,5052,604,238
10002912481,4602,549,218
10002912529,4980,578,252
10002913201,4962,590,237
10002913369,4368,522,206
10002914329,5010,590,245
10002916009,4812,589,213
10002916081,5628,628,310
10002916921,5592,672,260
10002917401,4896,568,248
10002918529,4914,585,234
10002919369,4692,592,190
10002920209,5856,676,300
10002920281,4584,536,228
10002920761,4662,556,221
10002920929,4848,567,241
10002921121,5886,707,274
10002922729,6744,809,315
10002923401,4260,475,235
10002923809,5448,643,265
10002924409,5952,696,296
10002925129,6324,786,268
10002925921,4704,569,215
10002926161,5706,659,292
10002926641,4494,526,223
10002927001,5700,691,259
10002928009,5544,659,265
10002928489,4548,523,235
10002928609,4344,508,216
10002929329,5526,628,293
10002929689,5568,657,271
10002930841,4482,500,247
10002931009,5856,678,298
10002931849,4554,525,234
10002931969,6090,742,273
10002932809,4506,515,236
10002933361,4554,531,228
10002935401,4596,527,239
10002936841,5694,712,237
10002938929,5226,597,274
10002940201,4722,555,232
10002941041,4740,615,175
10002941281,5796,680,286
10002941449,4782,536,261
10002942049,5838,703,270
10002942889,4536,537,219
10002943609,5568,665,263
10002943729,4920,559,261
10002943801,4854,565,244
10002944401,4908,599,219
10002944569,4692,567,215
10002945241,5718,692,261
10002946969,4590,543,222
10002948841,6780,789,341
10002949009,5040,601,239
10002949681,4992,602,230
10002950281,4350,506,219
10002950449,5256,614,262
10002950689,5262,643,234
10002951001,4698,595,188
10002951529,5922,690,297
10002952009,6300,748,302
10002953041,4902,584,233
10002956209,5394,620,279
10002956569,4824,561,243
10002956881,4956,589,237
10002957241,4596,539,227
10002958561,5652,663,279
10002961249,5466,657,254
10002962881,5010,584,251
10002963121,5364,648,246
10002963601,5412,647,255
10002963769,6168,707,321
10002967489,5364,673,221
10002967801,4950,582,243
10002968329,6180,715,315
10002968641,4596,540,226
10002969601,4314,490,229
10002971161,4224,511,193
10002971689,5394,624,275
10002972169,5094,608,241
10002972841,5082,589,258
10002973369,4542,531,226
10002973969,7008,804,364
10002974521,4830,573,232
10002974809,4800,582,218
10002975649,5178,610,253
10002976369,3840,450,190
10002976561,4728,570,218
10002977041,5520,659,261
10002977209,4614,528,241
10002977401,7764,854,440
10002978889,5406,620,281
10002979081,5538,622,301
10002979561,4788,550,248
10002979729,6270,759,286
10002980089,4692,589,193
10002980401,5766,699,262
10002980929,4710,574,211
10002981409,5148,611,247
10002981529,6888,804,344
10002982921,4518,529,224
10002984049,5808,691,277
10002984721,6270,701,344
10002984889,6090,711,304
10002985129,4494,518,231
10002985969,5526,654,267
10002987409,6078,712,301
10002989809,4386,519,212
10002990601,5946,716,275
10002990841,5484,651,263
10002991321,5586,700,231
10002992161,6402,791,276
10002992521,6174,739,290
10002993961,3774,414,215
10002994129,7104,836,348
10002994369,4920,575,245
10002995521,4830,573,232
10002997561,5058,590,253
10002998209,5262,615,262
10002998569,5454,676,233
10003000681,4134,521,168
10003000921,4038,484,189
10003001401,4782,575,222
10003001761,4884,591,223
10003003081,5418,640,263
10003003921,4560,521,239
10003006609,5844,686,288
10003008289,5922,692,295
10003008481,5928,710,278
10003010089,6468,779,299
10003011001,4686,557,224
10003011481,4272,496,216
10003012009,4800,537,263
10003013161,4548,526,232
10003016209,4878,573,240
10003017361,4746,522,269
10003017529,6000,711,289
10003018321,4434,555,184
10003018489,5298,669,214
10003019041,4626,541,230
10003019569,4980,557,273
10003020169,5826,655,316
10003021729,5142,619,238
10003022521,6294,771,278
10003022569,5484,698,216
10003023409,4602,541,226
10003024249,4182,495,202
10003024441,4230,495,210
10003025449,6648,776,332
10003026961,5076,592,254
10003027561,6048,704,304
10003028281,4476,543,203
10003028641,5406,628,273
10003030249,4464,504,240
10003031329,5328,647,241
10003033321,5424,666,238
10003033489,5274,615,264
10003033681,5748,682,276
10003034449,4596,541,225
10003034521,4902,591,226
10003036129,5580,652,278
10003037041,6576,777,319
10003038361,4950,574,251
10003038649,5928,703,285
10003039201,4494,515,234
10003039369,4410,513,222
10003039489,4080,485,195
10003040881,4284,498,216
10003041001,5616,645,291
10003041049,5562,647,280
10003041721,4008,461,207
10003041889,4074,450,229
10003042681,4824,538,266
10003042921,5202,601,266
10003045369,4428,526,212
10003045609,5694,693,256
10003046881,4842,582,225
10003047049,4698,579,204
10003047961,4344,490,234
10003048729,4494,522,227
10003049569,5178,622,241
10003051129,3846,456,185
10003051321,5568,655,273
10003051801,6984,834,330
10003052329,5712,671,281
10003052809,6222,755,282
10003054441,5142,600,257
10003054681,5166,599,262
10003056169,5304,620,264
10003056361,4902,544,273
10003056841,4848,586,222
10003058881,5688,664,284
10003060369,5304,607,277
10003061041,5580,666,264
10003061209,4836,581,225
10003061569,5142,637,220
10003062721,5160,605,255
10003062889,4644,546,228
10003064521,6360,738,322
10003065409,4770,575,220
10003066609,5418,623,280
10003066921,4332,496,226
10003067761,6270,714,331
10003068769,4476,549,197
10003068961,5382,654,243
10003069129,4350,528,197
10003069729,4950,590,235
10003070281,4680,581,199
10003071409,5286,613,268
10003071961,5418,638,265
10003072081,5622,664,273
10003072489,5466,686,225
10003073329,5442,653,254
10003073761,5370,619,276
10003073809,4182,485,212
10003074481,5610,658,277
10003074769,4830,563,242
10003075321,4794,601,198
10003075441,5658,689,254
10003076449,5250,639,236
10003077121,4716,556,230
10003077289,5010,580,255
10003077841,5178,595,268
10003078369,5820,692,278
10003079041,4848,569,239
10003079521,6312,771,281
10003080049,5478,650,263
10003080361,5346,672,219
10003080649,5328,633,255
10003084009,5898,715,268
10003084081,4782,568,229
10003084249,4974,575,254
10003084561,4788,566,232
10003085569,4782,539,258
10003085689,4416,528,208
10003086241,4398,522,211
10003086529,6858,853,290
10003086601,5304,620,264
10003087201,5940,678,312
10003088089,4680,538,242
10003088209,5382,584,313
10003088449,4938,563,260
10003089121,5442,644,263
10003089721,4512,532,220
10003089769,5142,633,224
10003090561,5142,618,239
10003090969,4746,535,256
10003091401,4860,560,250
10003091569,4176,481,215
10003092481,5226,607,264
10003093081,4872,571,241
10003093249,4896,579,237
10003094329,4818,580,223
10003094809,7050,825,350
10003095769,5268,662,216
10003096849,5376,635,261
10003098361,4164,505,189
10003098529,6414,783,286
10003099201,5514,699,220
10003099801,6408,758,310
10003100209,5652,660,282
10003100689,6216,763,273
10003101721,5724,703,251
10003102561,5190,624,241
10003103881,4932,594,228
10003104049,4392,502,230
10003104169,5424,655,249
10003104841,4392,531,201
10003104889,5406,653,248
10003106521,5436,643,263
10003107409,3852,452,190
10003107601,5160,613,247
10003108441,5556,650,276
10003109449,5148,570,288
10003112809,5604,646,288
10003114249,5802,711,256
10003114801,4380,529,201
10003116601,4644,558,216
10003116841,4932,597,225
10003119121,5172,635,227
10003120009,4392,494,238
10003120129,6138,723,300
10003120801,5628,650,288
10003121809,7788,898,400
10003122529,5010,572,263
10003123201,4224,502,202
10003123321,4536,494,262
10003123489,6972,843,319
10003124401,5682,663,284
10003124569,3810,439,196
10003125889,4212,481,221
10003126849,4632,571,201
10003126921,5190,631,234
10003127401,4812,555,247
10003127689,4794,574,225
10003128529,3702,425,192
10003129369,5100,617,233
10003130041,5790,692,273
10003131769,6420,749,321
10003131889,4578,521,242
10003132609,7470,946,299
10003132729,6204,730,304
10003132969,4830,554,251
10003133641,5100,616,234
10003133809,5460,634,276
10003134241,5334,597,292
10003134289,4824,566,238
10003134481,5838,717,256
10003134961,5562,668,259
10003135249,5508,630,288
10003135489,5658,657,286
10003136329,5148,590,268
10003136641,4056,486,190
10003137169,4548,535,223
10003138609,6018,722,281
10003140361,5298,622,261
10003141801,6114,693,326
10003142209,5076,572,274
10003143481,4746,545,246
10003143889,5838,675,298
10003144729,6612,782,320
10003145881,4032,463,209
10003146721,5448,635,273
10003146841,4668,542,236
10003147009,4452,552,190
10003147081,4392,512,220
10003147849,6930,869,286
10003148521,4350,516,209
10003149361,6666,785,326
10003150921,5718,727,226
10003151449,4122,497,190
10003151929,5028,591,247
10003152721,4758,574,219
10003153441,5100,611,239
10003154281,4884,567,247
10003154401,4338,520,203
10003154809,5766,700,261
10003155121,5142,603,254
10003155289,4692,553,229
10003156321,5376,619,277
10003157809,6084,724,290
10003158001,4074,472,207
10003158169,4590,544,221
10003158601,5376,665,231
10003159321,4806,565,236
10003159489,4854,555,254
10003161121,6396,774,292
10003161361,5448,662,246
10003162129,4782,591,206
10003162849,4650,512,263
10003163881,5562,646,281
10003164529,6216,733,303
10003164889,3714,411,208
10003165321,5058,596,247
10003165369,4896,602,214
10003166161,5730,689,266
10003166209,5106,625,226
10003167721,5760,685,275
10003167841,5340,620,270
10003169401,3864,432,212
10003169569,4626,532,239
10003169689,4728,550,238
10003169929,4788,548,250
10003171441,5268,602,276
10003172281,5748,663,295
10003173049,3750,424,201
10003173121,5484,643,271
10003173289,5418,630,273
10003173769,5394,654,245
10003174729,4872,577,235
10003175569,5670,671,274
10003176121,5904,695,289
10003176241,5484,646,268
10003176961,5076,590,256
10003177489,5004,609,225
10003178161,5184,610,254
10003179649,5688,655,293
10003179841,5388,655,243
10003180609,6894,842,307
10003180849,4950,569,256
10003181281,4446,526,215
10003181449,5766,697,264
10003182169,5826,700,271
10003182961,5466,661,250
10003184209,5412,665,237
10003185649,4206,482,219
10003185889,6156,691,335
10003186201,5196,627,239
10003186561,4104,471,213
10003187041,4416,515,221
10003187329,4566,558,203
10003187401,4680,559,221
10003188049,5442,641,266
10003188409,6072,707,305
10003194121,5316,629,257
10003194601,4188,464,234
10003194769,5214,608,261
10003195561,5988,716,282
10003195729,5538,692,231
10003196641,4806,542,259
10003197289,6072,729,283
10003197481,5454,664,245
10003198969,4950,554,271
10003199161,4896,595,221
10003199329,5418,643,260
10003199641,7278,839,374
10003199929,5862,722,255
10003201441,5532,648,274
10003202689,5304,609,275
10003203169,5238,671,202
10003204201,5268,631,247
10003204801,5826,697,274
10003205689,4206,487,214
10003205881,4878,569,244
10003206481,4956,605,221
10003207369,4284,497,217
10003207561,5016,592,244
10003208401,4212,509,193
10003209049,5130,611,244
10003209721,5064,595,249
10003211089,4872,590,222
10003211401,4674,535,244
10003211929,6006,708,293
10003212409,5946,688,303
10003213201,4938,570,253
10003213249,4998,567,266
10003215049,5130,641,214
10003215721,5232,637,235
10003216129,4716,562,224
10003216969,6300,734,316
10003217281,5034,598,241
10003217449,4446,524,217
10003218289,4230,471,234
10003218409,6210,747,288
10003218481,4782,519,278
10003218961,5430,633,272
10003219969,5322,630,257
10003220761,5046,613,228
10003220809,6162,718,309
10003221001,4830,565,240
10003221769,4746,567,224
10003222441,4986,567,264
10003223281,6420,725,345
10003225129,6276,786,260
10003226209,6030,709,296
10003226881,5844,698,276
10003227649,5424,642,262
10003227721,5040,587,253
10003228201,6246,742,299
10003228489,5166,619,242
10003228561,4722,544,243
10003229209,5136,587,269
10003229329,4920,564,256
10003229881,5400,661,239
10003230169,3768,445,183
10003230841,5958,750,243
10003231561,4440,541,199
10003233769,5718,693,260
10003234441,5190,613,252
10003237729,3570,406,189
10003240129,4170,490,205
10003240969,5772,672,290
10003241761,4620,567,203
10003243009,5142,609,248
10003243489,7224,828,376
10003243609,5718,669,284
10003243681,4866,573,238
10003244521,5718,662,291
10003245121,3972,472,190
10003246681,6282,723,324
10003246801,6300,713,337
10003246969,4548,532,226
10003247041,5862,727,250
10003249489,4992,593,239
10003251001,6300,779,271
10003251409,5100,585,265
10003252249,3990,466,199
10003252729,5472,650,262
10003252921,5130,607,248
10003253089,5310,610,275
10003254241,4542,544,213
10003254361,4602,530,237
10003255369,6006,716,285
10003255441,4650,573,202
10003256041,5892,684,298
10003256449,4236,486,220
10003259641,6612,772,330
10003259809,4362,522,205
10003261129,5178,604,259
10003262089,6108,740,278
10003263841,4896,566,250
10003264441,4464,497,247
10003265281,4320,505,215
10003265689,5658,619,324
10003266001,5190,593,272
10003266121,4788,569,229
10003267849,4320,515,205
10003269049,5466,618,293
10003269481,4548,543,215
10003270201,4020,454,216
10003271041,5016,622,214
10003271209,5280,639,241
10003271401,4800,564,236
10003272001,5604,626,308
10003272049,6018,730,273
10003272241,4920,579,241
10003273081,5754,694,265
10003273681,5400,646,254
10003273921,4284,510,204
10003274569,6258,787,256
10003275769,7170,811,384
10003276201,5094,600,249
10003276249,5634,659,280
10003276609,6780,839,291
10003277209,5058,612,231
10003278049,5358,657,236
10003278889,5910,689,296
10003279129,5076,583,263
10003279441,4866,585,226
10003280281,5436,644,262
10003281241,4890,577,238
10003282129,4566,541,220
10003282249,4740,555,235
10003282801,4614,541,228
10003284001,6636,747,359
10003285321,5070,559,286
10003286329,5310,608,277
10003287001,5778,669,294
10003287841,4482,515,232
10003288129,5154,603,256
10003288369,5472,651,261
10003288849,5136,580,276
10003290049,5268,652,226
10003293721,4674,558,221
10003293889,4974,603,226
10003295521,5262,590,287
10003295569,5526,642,279
10003295689,5424,656,248
10003296409,5904,725,259
10003296769,6114,702,317
10003297201,6330,729,326
10003298761,4194,499,200
10003299769,6384,777,287
10003300609,4950,589,236
10003301281,5094,608,241
10003301569,4842,563,244
10003302289,6798,787,346
10003302649,6324,792,262
10003304761,5742,679,278
10003305601,3780,437,193
10003306009,5028,568,270
10003306609,5046,585,256
10003308001,6048,698,310
10003308961,4320,519,201
10003309801,5070,591,254
10003310689,4944,583,241
10003310881,5340,632,258
10003311361,5508,644,274
10003311889,7290,832,383
10003312321,4860,576,234
10003312729,5616,651,285
10003313161,5730,697,258
10003313569,6636,771,335
10003314001,5790,704,261
10003315249,5478,662,251
10003316569,4290,515,200
10003316689,3918,453,200
10003317601,5754,676,283
10003319089,4962,589,238
10003319449,5142,602,255
10003319881,4692,541,241
10003320121,5160,632,228
10003320961,6828,793,345
10003323961,5652,635,307
10003324321,4116,475,211
10003326841,5058,583,260
10003328281,4338,520,203
10003328689,6684,825,289
10003330369,6282,757,290
10003330849,6216,761,275
10003330969,6144,729,295
10003331521,4860,562,248
10003333321,5448,658,250
10003333369,6240,761,279
10003334161,5196,622,244
10003334329,3990,469,196
10003335049,6528,786,302
10003336729,5016,582,254
10003336921,7986,925,406
10003337521,4470,516,229
10003339441,5568,673,255
10003341289,6210,735,300
10003341721,5820,699,271
10003342441,5088,589,259
10003344121,3660,435,175
10003345129,4920,587,233
10003345489,5406,629,272
10003346161,4074,465,214
10003346929,5364,647,247
10003347481,4356,502,224
10003348321,5340,691,199
10003348441,4824,538,266
10003348681,5436,631,275
10003349281,6678,807,306
10003349329,5196,595,271
10003349689,5550,668,257
10003350121,4686,562,219
10003350169,5268,631,247
10003351801,5634,655,284
10003354561,5232,626,246
10003355041,4056,466,210
10003356049,5022,555,282
10003356169,4680,546,234
10003356841,4992,587,245
10003357009,6648,773,335
10003357849,4764,579,215
10003359601,5172,637,225
10003360249,4632,519,253
10003362289,6534,759,330
10003362961,4524,542,212
10003363729,5268,632,246
10003363969,4398,527,206
10003365121,6270,716,329
10003365289,5340,618,272
10003365961,5460,638,272
10003366249,4932,588,234
10003368481,4878,588,225
10003368649,6060,682,328
10003369681,5484,679,235
10003370329,5286,613,268
10003371361,4884,554,260
10003372009,6408,788,280
10003372369,4944,569,255
10003373881,5382,640,257
10003374361,6114,727,292
10003375321,6228,709,329
10003376401,5688,666,282
10003376881,4560,551,209
10003377721,6174,724,305
10003377841,5688,697,251
10003378009,5262,639,238
10003379761,5754,692,267
10003379929,4146,465,226
10003381081,4254,527,182
10003382041,7350,815,410
10003383121,3906,428,223
10003383289,4518,527,226
10003383601,4836,557,249
10003383889,5910,682,303
10003384441,5760,684,276
10003384801,4458,534,209
10003385569,4650,544,231
10003387249,5154,637,222
10003388929,5226,615,256
10003389481,5250,627,248
10003390609,5100,594,256
10003392169,4026,460,211
10003392361,4680,523,257
10003393129,4866,572,239
10003394041,6030,695,310
10003394809,5292,631,251
10003395529,5046,594,247
10003395889,5178,613,250
10003396489,4740,574,216
10003397401,4812,516,286
10003398169,5946,721,270
10003398409,5094,590,259
10003398721,6132,748,274
10003398841,5112,581,271
10003399849,4920,588,232
10003400569,5418,623,280
10003400689,6240,800,240
10003401601,4422,529,208
10003402441,5352,652,240
10003403281,4542,540,217
10003403881,4710,558,227
10003404049,5706,672,279
10003404121,6120,731,289
10003404769,5178,615,248
10003405561,5622,654,283
10003407241,4770,548,247
10003407289,4890,571,244
10003407409,4692,582,200
10003407961,5496,656,260
10003409929,5466,667,244
10003410601,6048,690,318
10003410649,4842,581,226
10003410841,6030,728,277
10003411009,5352,647,245
10003411849,4962,569,258
10003412329,5358,638,255
10003412521,4896,574,242
10003413001,5658,648,295
10003413169,4608,540,228
10003413289,4734,542,247
10003415041,4170,491,204
10003415881,5394,624,275
10003416481,5934,706,283
10003416649,5754,676,283
10003416721,4752,556,236
10003417201,4914,592,227
10003417561,5652,640,302
10003418041,4602,554,213
10003418881,3480,416,164
10003419169,5526,686,235
10003419841,5250,615,260
10003421089,5706,685,266
10003421521,4716,543,243
10003424449,4950,622,203
10003425049,6084,710,304
10003426441,4722,547,240
10003426801,5130,624,231
10003427281,5094,580,269
10003427449,5892,696,286
10003427569,6180,691,339
10003427809,5172,611,251
10003428649,5754,669,290
10003428961,5010,582,253
10003429129,4248,498,210
10003429489,4770,539,256
10003430161,5100,604,246
10003431649,5400,616,284
10003433281,5772,673,289
10003433521,5394,625,274
10003435129,5886,705,276
10003435801,5808,700,268
10003435969,5310,630,255
10003437361,6156,700,326
10003437481,5748,638,320
10003437649,5502,653,264
10003440049,5508,670,248
10003440241,5790,635,330
10003440721,5346,619,272
10003442569,5868,681,297
10003443601,5880,713,267
10003444369,5226,601,270
10003444921,5352,638,254
10003445041,6774,807,322
10003445209,4902,571,246
10003446601,5472,670,242
10003446721,5874,685,294
10003446889,6672,786,326
10003447969,6864,813,331
10003450081,4704,525,259
10003450321,5598,656,277
10003450489,6894,799,350
10003451641,4722,562,225
10003451761,4944,570,254
10003453321,5772,674,288
10003453489,4350,507,218
10003453609,5940,711,279
10003454521,4536,533,223
10003455361,4506,519,232
10003455961,5844,670,304
10003456201,4866,582,229
10003456369,4956,580,246
10003456849,4728,541,247
10003458889,5478,637,276
10003459369,5676,665,281
10003459489,3984,472,192
10003461241,6372,753,309
10003461409,6318,770,283
10003463689,5070,605,240
10003463929,5820,674,296
10003464529,5184,606,258
10003465921,5466,619,292
10003467769,4224,518,186
10003467961,7176,822,374
10003468129,5928,736,252
10003468801,5574,672,257
10003469569,5130,585,270
10003471321,4824,550,254
10003471921,4578,544,219
10003472161,5934,676,313
10003473769,5826,720,251
10003474681,6114,711,308
10003475329,5136,593,263
10003476121,5832,684,288
10003476529,5130,643,212
10003477681,5382,657,240
10003477801,5676,663,283
10003477849,4302,473,244
10003478041,5844,685,289
10003479481,4818,542,261
10003479529,5334,632,257
10003479721,5070,582,263
10003480369,4824,590,214
10003481161,5490,658,257
10003481401,4680,565,215
10003481569,4776,539,257
10003482001,5400,663,237
10003483849,5826,744,227
10003484521,4998,593,240
10003484929,4194,494,205
10003485361,4698,550,233
10003487209,5406,655,246
10003490281,4908,562,256
10003490569,6642,837,270
10003490641,4110,450,235
10003491961,5028,579,259
10003492129,4704,543,241
10003492969,5562,644,283
10003493329,4800,555,245
10003494481,6258,689,354
10003494649,5538,647,276
10003495321,4344,536,188
10003495849,5280,625,255
10003496281,4764,555,239
10003497001,3990,481,184
10003498129,4980,581,249
10003499809,5406,609,292
10003500049,5016,566,270
10003500889,4650,561,214
10003501201,3894,462,187
10003501489,4560,523,237
10003501561,5370,592,303
10003502161,5520,664,256
10003502881,5040,558,282
10003503241,4884,559,255
10003503721,5022,585,252
10003503841,4824,588,216
10003503889,6054,727,282
10003504081,5592,659,273
10003504249,6624,784,320
10003504729,4962,590,237
10003505761,5064,613,231
10003507249,5412,625,277
10003508209,5142,617,240
10003509289,5394,622,277
10003509889,5640,672,268
10003510441,4800,584,216
10003510729,4986,586,245
10003510969,4578,557,206
10003514089,5196,631,235
10003514329,5454,657,252
10003514641,5232,618,254
10003514761,4116,473,213
10003515481,5466,654,257
10003516681,7518,893,360
10003518169,4806,570,231
10003519681,4482,537,210
10003520041,6390,744,321
10003520209,6372,790,272
10003521049,5940,730,260
10003521529,4566,513,248
10003522489,5172,633,229
10003522561,6456,789,287
10003524241,4914,578,241
10003524889,5622,667,270
10003525009,5694,635,314
10003528201,5052,605,237
10003528921,4680,526,254
10003529881,4644,547,227
10003531441,5328,638,250
10003531729,4920,565,255
10003533121,4608,521,247
10003534249,4266,487,224
10003536601,4698,582,201
10003536769,8154,1057,302
10003537441,5052,591,251
10003542649,4674,533,246
10003543201,5406,591,310
10003544569,5598,648,285
10003545889,4944,563,261
10003546849,4560,542,218
10003549249,4362,535,192
10003550281,5130,568,287
10003550449,5310,615,270
10003551721,5142,604,253
10003552441,4818,580,223
10003552969,5136,635,221
10003553281,4968,580,248
10003554241,5880,692,288
10003554481,5442,641,266
10003556089,6690,807,308
10003556161,4800,559,241
10003557481,5778,723,240
10003558441,4854,578,231
10003558849,5268,601,277
10003559281,4518,538,215
10003560001,5076,596,250
10003560289,7410,841,394
10003560961,4692,557,225
10003561369,5898,680,303
10003561681,3690,432,183
10003561801,5400,642,258
10003562809,4518,544,209
10003563721,4926,565,256
10003564369,6810,815,320
10003565041,5082,629,218
10003565161,5640,684,256
10003566841,4860,543,267
10003567009,6036,732,274
10003569409,5244,629,245
10003569529,5526,668,253
10003569601,4680,527,253
10003570201,5040,575,265
10003570249,5346,612,279
10003570609,5388,652,246
10003571449,5502,651,266
10003572121,5292,595,287
10003572889,5664,671,273
10003574569,5406,612,289
10003576249,6156,771,255
10003580281,4872,554,258
10003581169,4812,546,256
10003582009,4470,503,242
10003583041,4884,558,256
10003584049,5526,641,280
10003584361,4032,478,194
10003584889,5442,617,290
10003585729,4944,598,226
10003586161,6318,719,334
10003587169,3852,437,205
10003588009,5016,579,257
10003588081,5220,650,220
10003588561,4698,554,229
10003590409,5730,694,261
10003591201,6060,721,289
10003591369,5424,685,219
10003592281,5892,667,315
10003592881,6486,762,319
10003593049,5634,682,257
10003593889,5766,698,263
10003593961,6762,784,343
10003594441,4950,558,267
10003594561,5070,571,274
10003594969,4800,551,249
10003595401,5532,675,247
10003597081,4524,506,248
10003597129,4572,534,228
10003597969,4986,603,228
10003598329,4890,574,241
10003598641,5196,632,234
10003598809,5736,671,285
10003599649,4830,573,232
10003600441,4806,560,241
10003600609,6162,777,250
10003601449,4884,594,220
10003602841,5076,592,254
10003603201,4968,596,232
10003603849,5430,637,268
10003604881,5052,580,262
10003605049,5010,582,253
10003605721,5478,631,282
10003605889,5328,637,251
10003606201,5322,641,246
10003606369,3636,417,189
10003607881,5748,659,299
10003609009,4968,553,275
10003609249,5796,659,307
10003610569,4416,526,210
10003613881,5490,686,229
10003613929,4692,534,248
10003614289,5868,705,273
10003614721,4176,483,213
10003614769,4272,520,192
10003614889,5106,585,266
10003615441,3828,461,177
10003616401,4512,532,220
10003617289,6012,679,323
10003618081,5226,642,229
10003618969,4758,556,237
10003619641,5010,585,250
10003620169,5058,609,234
10003622281,3906,439,212
10003622329,4470,516,229
10003622449,6030,726,279
10003622521,5190,635,230
10003623001,6720,812,308
10003623121,6048,733,275
10003623529,5148,585,273
10003624009,4110,471,214
10003624129,5016,588,248
10003624201,5904,699,285
10003624681,6636,815,291
10003625041,5628,636,302
10003625209,6150,723,302
10003626649,5100,598,252
10003626889,4764,540,254
10003627321,4422,529,208
10003627369,5466,658,253
10003628209,4974,578,251
10003628881,4554,543,216
10003630081,5142,589,268
10003631089,5340,631,259
10003631761,5424,634,270
10003632361,5160,630,230
10003633609,7830,943,362
10003633921,4128,485,203
10003634761,6606,757,344
10003636969,4218,492,211
10003639081,5766,702,259
10003639489,5832,677,295
10003639801,4410,520,215
10003639969,5112,594,258
10003640329,5442,629,278
10003640641,5382,659,238
10003641169,4176,475,221
10003641481,4170,482,213
10003641841,6048,728,280
10003645969,4344,549,175
10003646041,4392,511,221
10003646641,5580,675,255
10003647529,5244,645,229
10003648489,5448,616,292
10003648729,5832,670,302
10003650049,4590,547,218
10003651681,4380,499,231
10003651729,4788,570,228
10003652089,5964,725,269
10003652401,4776,568,228
10003652521,5988,677,321
10003655089,5058,597,246
10003656121,6174,721,308
10003657129,6048,724,284
10003657969,5406,644,257
10003659481,5754,698,261
10003660921,5484,637,277
10003660969,4518,526,227
10003661089,4848,578,230
10003662601,4914,597,222
10003663321,5442,641,266
10003663849,6096,746,270
10003664329,4548,547,211
10003665121,5088,569,279
10003665169,4518,549,204
10003665961,6198,712,321
10003666129,5802,720,247
10003666369,4212,501,201
10003667881,5826,646,325
10003668529,5868,681,297
10003669561,5250,632,243
10003669729,4386,519,212
10003670881,4878,589,224
10003671721,5586,655,276
10003671841,5256,614,262
10003674529,4686,564,217
10003674601,5928,707,281
10003675081,5970,644,351
10003676929,4224,473,231
10003677121,4614,577,192
10003677601,4920,607,213
10003677889,6342,749,308
10003679449,5280,635,245
10003680289,5208,618,250
10003680409,5490,626,289
10003683649,5526,641,280
10003683769,5028,570,268
10003683841,6162,726,301
10003684321,4956,580,246
10003684609,6216,723,313
10003684681,4860,580,230
10003684849,3828,451,187
10003685689,5586,645,286
10003686169,4566,561,200
10003686289,6006,704,297
10003686529,5448,665,243
10003686841,4752,555,237
10003686961,4530,552,203
10003687201,5196,594,272
10003690369,5268,596,282
10003691569,4050,480,195
10003693561,5262,608,269
10003694401,4872,573,239
10003694521,4692,538,244
10003695409,4872,566,246
10003698889,7578,873,390
10003699441,5160,616,244
10003699561,4740,582,208
10003699609,6534,790,299
10003699729,4302,502,215
10003704481,4128,467,221
10003705009,3828,432,206
10003705441,5748,649,309
10003705849,4620,560,210
10003706521,5670,650,295
10003707121,5238,618,255
10003707169,4560,523,237
10003707361,5778,675,288
10003708201,5442,609,298
10003708681,4764,576,218
10003708801,5046,594,247
10003709809,4560,553,207
10003710049,5274,632,247
10003710481,6288,748,300
10003710889,5574,695,234
10003712041,5316,610,276
10003716241,4464,538,206
10003717249,5754,668,291
10003717369,5184,584,280
10003718089,5010,574,261
10003718929,4356,529,197
10003719289,6102,730,287
10003719961,4524,517,237
10003720561,5262,592,285
10003721401,4896,567,249
10003721641,4854,560,249
10003721809,4476,500,246
10003722241,5028,590,248
10003722409,5856,713,263
10003722481,6186,754,277
10003723969,6066,682,329
10003724089,4788,584,214
10003724761,6606,810,291
10003725001,5058,593,250
10003725649,4260,478,232
10003726321,4806,578,223
10003726441,6546,789,302
10003727521,5010,586,249
10003730041,5766,658,303
10003730881,4722,549,238
10003733209,5736,686,270
10003733569,5334,630,259
10003734001,4722,592,195
10003734049,4440,506,234
10003734721,4842,577,230
10003734841,3780,444,186
10003735081,5340,637,253
10003736689,5856,692,284
10003737241,5352,634,258
10003737529,5328,624,264
10003739929,4176,465,231
10003741441,4860,571,239
10003742449,5244,585,289
10003743649,4176,505,191
10003744081,5400,635,265
10003744969,6000,705,295
10003745161,4590,552,213
10003745641,6276,740,306
10003745809,5154,579,280
10003748449,5346,632,259
10003749289,4626,550,221
10003750201,5262,619,258
10003750681,4938,569,254
10003750969,4584,548,216
10003753729,5778,694,269
10003754161,4398,522,211
10003754401,5400,624,276
10003754569,5172,592,270
10003755241,5982,683,314
10003756561,5772,693,269
10003756849,6360,683,377
10003756921,5400,659,241
10003757521,4764,548,246
10003757689,6324,768,286
10003758601,4590,539,226
10003759201,5256,633,243
10003759609,8316,1007,379
10003760089,5406,617,284
10003760881,4638,524,249
10003761049,5940,716,274
10003761121,5604,637,297
10003762129,4794,535,264
10003763401,6426,765,306
10003763569,5220,621,249
10003763641,5232,616,256
10003765081,5964,704,290
10003765129,6192,737,295
10003765969,5652,677,265
10003767481,5370,634,261
10003768321,5130,577,278
10003768849,4524,543,211
10003769329,4674,563,216
10003770001,4008,455,213
10003770529,4308,535,183
10003770961,6390,748,317
10003771201,6288,812,236
10003771849,4908,587,231
10003772209,5052,627,215
10003774201,5298,604,279
10003776889,5118,627,226
10003777249,4284,472,242
10003780201,4938,586,237
10003780249,4884,582,232
10003781209,6762,872,255
10003782121,5274,621,258
10003782289,5820,721,249
10003782769,5400,623,277
10003782961,5220,640,230
10003783729,5592,679,253
10003784641,5136,586,270
10003786081,4434,523,216
10003787329,5172,622,240
10003787809,5166,612,249
10003788169,5436,648,258
10003789321,4674,572,207
10003789681,5454,625,284
10003789849,4254,515,194
10003790281,4950,577,248
10003791001,4740,528,262
10003791169,4800,560,240
10003791529,5244,636,238
10003791841,4692,555,227
10003793521,5616,685,251
10003793641,5598,671,262
10003793689,6114,736,283
10003796041,5376,635,261
10003796329,6636,813,293
10003796401,5892,677,305
10003797241,4062,484,193
10003797409,5310,645,240
10003797841,4818,591,212
10003798681,5862,689,288
10003799569,4770,552,243
10003800769,4980,561,269
10003801081,5100,582,268
10003801369,5040,581,259
10003801609,5538,677,246
10003802041,5232,618,254
10003802089,5934,681,308
10003803889,5394,644,255
10003803961,7944,946,378
10003804729,4980,582,248
10003805401,5706,684,267
10003806289,4308,518,200
10003807129,5694,679,270
10003807321,5262,604,273
10003807969,4332,499,223
10003808329,5472,610,302
10003809169,5358,602,291
10003809601,5052,557,285
10003809649,6108,719,299
10003810009,4866,595,216
10003810321,5580,684,246
10003810489,4764,564,230
10003810849,4914,572,247
10003811161,4476,495,251
10003811281,3984,463,201
10003811329,5298,627,256
10003811689,4848,558,250
10003813681,4578,542,221
10003813849,4422,544,193
10003814641,5850,758,217
10003814809,5526,654,267
10003817401,5730,676,279
10003817881,5130,606,249
10003818169,4356,512,214
10003818889,5952,718,274
10003819081,4512,523,229
10003819681,4974,564,265
10003820569,4926,589,232
10003821601,5832,677,295
10003821769,5076,632,214
10003822441,5412,653,249
10003824289,5646,618,323
10003826809,5238,605,268
10003827409,4188,479,219
10003827649,5640,652,288
10003827961,5748,691,267
10003828489,5520,666,254
10003828801,5178,636,227
10003829761,4560,531,229
10003831609,5130,609,246
10003831681,5142,578,279
10003832281,4356,505,221
10003832689,5946,665,326
10003833289,5610,685,250
10003833529,7260,847,363
10003833841,4710,539,246
10003834129,6444,770,304
10003834849,6594,797,302
10003836721,5994,705,294
10003838209,4782,540,257
10003839889,6132,672,350
10003840681,5736,677,279
10003840921,5166,613,248
10003842769,6300,745,305
10003843441,4584,541,223
10003843609,4452,558,184
10003844281,5490,670,245
10003844881,5994,714,285
10003845601,4968,536,292
10003845889,5448,667,241
10003846609,4296,507,209
10003847641,5700,670,280
10003847809,6222,782,255
10003848121,5208,634,234
10003849129,4206,494,207
10003849969,5688,686,262
10003850089,4680,546,234
10003850761,4308,511,207
10003851769,5664,642,302
10003852681,5412,639,263
10003853161,4842,581,226
10003853329,6420,781,289
10003854001,5934,692,297
10003855801,4230,484,221
10003856641,5520,644,276
10003856809,5112,626,226
10003858489,4794,551,248
10003858561,4758,566,227
10003859161,6540,762,328
10003859209,5232,628,244
10003860241,4068,467,211
10003860721,4608,522,246
10003861009,4842,558,249
10003861081,6996,823,343
10003861729,4740,575,215
10003861849,5094,607,242
10003861921,5040,600,240
10003862521,5304,572,312
10003863769,5274,601,278
10003864369,4896,587,229
10003865089,4122,482,205
10003865449,6126,741,280
10003866289,5082,596,251
10003867129,4326,492,229
10003867969,5148,617,241
10003869961,5532,661,261
10003870081,4140,476,214
10003870489,8004,929,405
10003871809,5046,585,256
10003872601,6246,768,273
10003872841,4530,556,199
10003873489,4608,524,244
10003875529,5718,713,240
10003876681,5214,597,272
10003876849,5088,611,237
10003877881,7350,827,398
10003879201,4710,568,217
10003880041,4974,582,247
10003880329,6216,778,258
10003880881,5220,609,261
10003881001,5376,603,293
10003881241,5082,626,221
10003881409,6390,762,303
10003881841,7602,893,374
10003882081,6708,780,338
10003883089,6822,767,370
10003883521,4878,598,215
10003884601,4290,505,210
10003885201,5166,617,244
10003886089,5316,618,268
10003886449,6006,706,295
10003887121,6408,801,267
10003887889,5046,588,253
10003888729,5256,626,250
10003889281,4038,460,213
10003889449,3834,435,204
10003889809,5028,569,269
10003891129,4434,545,194
10003892161,5178,598,265
10003892761,4362,515,212
10003893001,5424,698,206
10003893169,5886,709,272
10003893649,4926,553,268
10003894489,5454,658,251
10003894609,4488,530,218
10003895449,5364,640,254
10003897201,3894,445,204
10003897369,4902,550,267
10003897801,5508,657,261
10003898041,6024,712,292
10003899649,5400,638,262
10003900201,4746,562,229
10003900369,4734,561,228
10003901041,4566,557,204
10003902001,5232,606,266
10003902169,5346,628,263
10003902409,6468,789,289
10003902721,4866,588,223
10003903561,5106,605,246
10003904689,5484,660,254
10003904761,4800,560,240
10003904929,5682,667,280
10003905529,6324,775,279
10003905601,5736,684,272
10003907041,4968,560,268
10003907929,5484,641,273
10003908049,5550,654,271
10003908601,4914,587,232
10003909441,4776,550,246
10003912081,5556,677,249
10003912921,5340,657,233
10003912969,5406,631,270
10003913329,4740,578,212
10003913809,5454,629,280
10003914769,5106,623,228
10003916521,4878,561,252
10003917289,5316,630,256
10003918201,4962,584,243
10003919641,4182,468,229
10003920361,5520,640,280
10003920481,4422,500,237
10003920721,6222,721,316
10003921489,4830,571,234
10003921729,5274,625,254
10003923001,5082,600,247
10003923049,5322,640,247
10003924561,4386,525,206
10003925761,4704,554,230
10003928041,5946,685,306
10003929049,4878,583,230
10003929289,5958,683,310
10003929721,6210,730,305
10003930129,7938,990,333
10003930441,6402,749,318
10003930561,5238,596,277
10003930801,5526,664,257
10003931569,4806,561,240
10003932121,5190,623,242
10003933081,5730,696,259
10003933969,5694,633,316
10003935649,5316,634,252
10003936441,4038,450,223
10003936489,5442,666,241
10003936609,5532,644,278
10003936681,8448,1012,396
10003937161,5592,644,288
10003937689,4818,561,242
10003938001,6000,632,368
10003939009,4464,496,248
10003940041,4632,527,245
10003940209,5940,703,287
10003940521,4806,550,251
10003940809,4824,556,248
10003941361,5172,603,259
10003941889,5874,683,296
10003943881,4836,589,217
10003944241,4860,579,231
10003947529,4530,542,213
10003948249,3516,427,159
10003948441,5028,608,230
10003948921,5976,705,291
10003950049,5484,635,279
10003950721,4818,571,232
10003952449,4908,548,270
10003953121,5640,652,288
10003953409,6708,836,282
10003953481,6108,714,304
10003953649,5532,675,247
10003953961,3666,408,203
10003954801,4878,558,255
10003955089,5790,720,245
10003955329,5112,578,274
10003955641,5154,620,239
10003956169,4554,522,237
10003956481,3882,473,174
10003957321,5166,621,240
10003957441,4212,497,205
10003959289,4800,541,259
10003959529,5616,691,245
10003961521,4680,543,237
10003961641,4842,582,225
10003961809,5694,665,284
10003961881,4686,543,238
10003962481,5784,701,263
10003963369,4518,507,246
10003963729,5688,677,271
10003964161,4122,489,198
10003964401,5592,691,241
10003965001,5004,631,203
10003965721,6024,735,269
10003966009,4830,589,216
10003966249,4914,563,256
10003966561,4764,566,228
10003967089,5790,667,298
10003967689,5052,572,270
10003969081,4650,550,225
10003969249,4764,564,230
10003970089,3918,467,186
10003971121,4692,548,234
10003971721,5274,613,266
10003972729,4950,596,229
10003972801,3996,502,164
10003973569,4650,554,221
10003974481,4998,617,216
10003974961,4818,576,227
10003975081,4584,521,243
10003975129,5028,572,266
10003975921,5304,633,251
10003976161,4260,516,194
10003976641,5214,614,255
10003977769,5586,636,295
10003978009,5220,600,270
10003978441,5526,675,246
10003980169,5280,670,210
10003981129,5088,599,249
10003984369,4506,538,213
10003984729,5112,618,234
10003985041,5700,693,257
10003985569,5142,635,222
10003986169,5016,581,255
10003987009,4332,492,230
10003987681,5220,606,264
10003987729,5502,660,257
10003987849,4260,517,193
10003987921,4980,587,243
10003988089,4752,549,243
10003989241,5076,594,252
10003989601,4668,540,238
10003990441,3828,458,180
10003992121,5100,613,237
10003993561,3756,429,197
10003993969,7512,860,392
10003994569,6546,728,363
10003994809,5262,614,263
10003995289,5424,622,282
10003996801,4980,570,260
10003996921,5046,631,210
10003999849,5142,593,264
10004000161,4326,514,207
10004001121,4434,524,215
10004002681,3816,452,184
10004002849,5010,615,220
10004006209,4962,575,252
10004006329,5868,689,289
10004006569,5784,709,255
10004007001,5280,665,215
10004007049,4374,525,204
10004007841,5322,620,267
10004008009,5226,627,244
10004008561,5196,618,248
10004009761,4782,566,231
10004009929,5976,699,297
10004010529,5958,707,286
10004011201,5376,633,263
10004011441,6246,723,318
10004011609,6426,768,303
10004012089,5112,607,245
10004012281,4578,570,193
10004013289,5172,621,241
10004013601,4632,551,221
10004017129,5238,619,254
10004017249,5340,623,267
10004018161,6252,730,312
10004018329,5988,709,289
10004020321,5028,584,254
10004020489,6036,692,314
10004020681,6048,725,283
10004021329,4440,510,230
10004022169,5004,576,258
10004022841,6144,710,314
10004023369,5184,631,233
10004023801,4230,493,212
10004024209,5766,679,282
10004024689,4902,543,274
10004024881,4968,593,235
10004026321,4482,496,251
10004026369,5340,671,219
10004028169,5100,570,280
10004028841,5670,635,310
10004030521,5034,597,242
10004030929,5268,595,283
10004031409,5406,647,254
10004033449,5640,679,261
10004033761,5160,621,239
10004034049,4416,526,210
10004034289,6540,769,321
10004034721,5538,655,268
10004035609,5478,623,290
10004035729,4500,510,240
10004037409,5004,587,247
10004037961,6276,732,314
10004038321,5430,658,247
10004040769,6486,759,322
10004043169,4926,579,242
10004043529,5514,633,286
10004043961,5490,658,257
10004044681,4542,564,193
10004045209,7350,880,345
10004046361,5286,593,288
10004046529,4668,541,237
10004046721,5616,640,296
10004046889,5406,652,249
10004048209,3966,477,184
10004048401,4956,608,218
10004049169,4716,537,249
10004050249,5220,615,255
10004050681,4170,500,195
10004051521,5040,606,234
10004051569,6828,876,262
10004051689,4404,518,216
10004052361,5718,661,292
10004053249,4458,531,212
10004053441,6318,736,317
10004053921,4938,579,244
10004054089,4578,537,226
10004054449,3780,429,201
10004054761,5364,617,277
10004055289,5694,674,275
10004055961,4830,542,263
10004056441,3924,486,168
10004058121,5448,635,273
10004059801,4950,583,242
10004060089,5514,624,295
10004060929,5040,582,258
10004061169,6366,741,320
10004061841,4464,521,223
10004062009,6948,866,292
10004063161,5928,686,302
10004064289,5736,660,296
10004065849,5346,674,217
10004066521,4716,540,246
10004066881,5136,596,260
10004067049,5052,601,241
10004067721,5280,626,254
10004069041,5904,681,303
10004069329,4956,570,256
10004069401,4992,593,239
10004070049,4782,582,215
10004071849,6072,714,298
10004072761,4758,527,266
10004073601,4674,515,264
10004075761,3834,457,182
10004079121,3768,428,200
10004079961,6222,735,302
10004080129,4878,570,243
10004080969,3654,396,213
10004081089,5244,635,239
10004081809,6084,745,269
10004082601,5040,589,251
10004084329,5844,704,270
10004085121,5862,683,294
10004086129,5544,670,254
10004087209,5934,700,289
10004088361,5070,608,237
10004089561,6462,736,341
10004090401,5094,608,241
10004091049,4434,540,199
10004093089,3576,429,167
10004093569,6096,720,296
10004093689,5844,716,258
10004094241,6558,752,341
10004095081,5976,695,301
10004095201,4110,455,230
10004096449,5562,651,276
10004096881,4458,488,255
10004098609,5028,577,261
10004098969,4962,573,254
10004099569,4764,557,237
10004100481,4230,482,223
10004100649,5922,698,289
10004101249,6414,809,260
10004101969,5400,664,236
10004102089,4290,471,244
10004102161,4740,542,248
10004102929,5520,657,263
10004104321,4728,543,245
10004104441,6024,728,276
10004104609,5736,656,300
10004105521,5592,695,237
10004106529,6102,746,271
10004106961,4404,501,233
10004107129,4362,513,214
10004107369,6366,750,311
10004108689,3714,452,167
10004109889,5430,624,281
10004110201,5154,636,223
10004110321,5760,703,257
10004110729,7002,840,327
10004111209,4662,534,243
10004113921,4926,584,237
10004114401,4956,601,225
10004115601,5562,677,250
10004116249,5226,606,265
10004117089,5448,638,270
10004119129,5436,624,282
10004119441,6450,747,328
10004119969,5814,665,304
10004120809,5178,606,257
10004121241,3876,452,194
10004121289,6090,701,314
10004121961,5526,604,317
10004123089,4818,540,263
10004123329,7014,790,379
10004123929,5760,703,257
10004124601,4962,560,267
10004124769,6102,694,323
10004125321,4614,546,223
10004126329,6414,770,299
10004126689,6054,684,325
10004128009,6132,749,273
10004129209,5298,627,256
10004130361,4080,462,218
10004130889,5688,664,284
10004132041,5724,693,261
10004132329,4218,491,212
10004133049,4944,610,214
10004133169,5394,642,257
10004134009,4182,484,213
10004134729,4512,544,208
10004135689,5232,601,271
10004137081,3882,446,201
10004137249,5208,625,243
10004138041,5508,651,267
10004139121,5766,683,278
10004139721,4530,520,235
10004140561,5562,667,260
10004141401,4530,534,221
10004141569,4728,565,223
10004142241,5376,612,284
10004142481,5004,589,245
10004143081,4632,548,224
10004144089,5250,657,218
10004144641,5172,593,269
10004144809,5616,663,273
10004145001,5004,600,234
10004145841,5874,683,296
10004146609,5892,695,287
10004147161,5112,603,249
10004147521,4152,479,213
10004148001,4248,506,202
10004149201,4506,550,201
10004149801,5142,591,266
10004150641,3882,438,209
10004150881,4830,551,254
10004151049,4836,552,254
10004153161,6432,775,297
10004153881,5580,667,263
10004154049,5760,676,284
10004154241,5778,660,303
10004157769,4440,542,198
10004158201,7044,827,347
10004158441,5568,677,251
10004158609,4806,552,249
10004158921,4122,479,208
10004159089,4842,571,236
10004159929,5172,608,254
10004160961,5316,621,265
10004162449,5772,715,247
10004163649,4872,581,231
10004164321,6546,799,292
10004165089,5694,655,294
10004165329,4662,536,241
10004167609,5862,711,266
10004169841,4944,572,252
10004170849,4692,521,261
10004171641,5124,573,281
10004171809,5664,663,281
10004172481,4944,580,244
10004172889,6528,775,313
10004173561,6132,747,275
10004175001,4872,566,246
10004175889,5154,622,237
10004176561,4422,514,223
10004176729,4698,540,243
10004177089,5358,596,297
10004177929,5682,647,300
10004179201,4488,508,240
10004179441,5202,599,268
10004180881,5148,641,217
10004181601,6474,770,309
10004181721,4914,582,237
10004182129,5484,673,241
10004182609,4038,476,197
10004183281,4416,509,227
10004183401,4092,470,212
10004183641,4812,550,252
10004183809,4776,553,243
10004184409,7242,886,321
10004185969,7074,828,351
10004187649,3384,412,152
10004190529,5976,715,281
10004190841,4668,556,222
10004191369,4692,556,226
10004191801,6564,767,327
10004192041,5130,614,241
10004192689,5322,624,263
10004192881,5616,653,283
10004194201,4386,522,209
10004194489,4806,562,239
10004195881,4974,587,242
10004196721,4536,556,200
10004197729,5664,673,271
10004198761,5868,724,254
10004200201,4806,564,237
10004201281,6390,712,353
10004201881,6180,765,265
10004202121,4470,512,233
10004202289,5538,624,299
10004203609,4980,548,282
10004204281,6240,781,259
10004204449,6348,732,326
10004204641,5328,624,264
10004204809,5394,647,252
10004205481,5130,607,248
10004205961,4848,566,242
10004207809,5754,683,276
10004207929,5154,613,246
10004208169,5478,673,240
10004208601,5712,639,313
10004208769,4866,574,237
10004209321,5148,596,262
10004210329,4494,504,245
10004211001,4668,576,202
10004212129,5454,635,274
10004212369,6504,783,301
10004212681,5136,647,209
10004213209,3876,447,199
10004213641,6510,752,333
10004215321,3654,448,161
10004215489,4620,552,218
10004216569,5514,625,294
10004218681,4938,591,232
10004218729,5784,702,262
10004218849,4122,487,200
10004218921,4680,541,239
10004219521,5316,635,251
10004219569,4272,510,202
10004220529,5622,629,308
10004220601,4296,503,213
10004221609,5508,646,272
10004222089,4638,553,220
10004222281,6018,697,306
10004223769,4668,543,235
10004224561,4626,543,228
10004225809,5034,603,236
10004226481,6606,797,304
10004226961,4566,524,237
10004227249,4962,594,233
10004227921,4788,575,223
10004228161,4074,465,214
10004228761,5586,645,286
10004228809,5544,609,315
10004229841,5712,694,258
10004230609,6024,693,311
10004232001,3978,475,188
10004233009,6192,736,296
10004233969,5454,628,281
10004234041,7062,907,270
10004234689,4224,473,231
10004234809,5250,582,293
10004237161,4914,568,251
10004238241,6456,748,328
10004238841,6192,821,211
10004239009,5448,639,269
10004240569,5442,663,244
10004240929,5046,577,264
10004242249,4458,534,209
10004242609,5124,604,250
10004242921,4980,568,262
10004244721,4896,579,237
10004244961,6270,723,322
10004245441,4848,563,245
10004245729,4902,575,242
10004246281,5220,605,265
10004249089,5772,676,286
10004249929,5484,634,280
10004250601,4578,557,206
10004252449,4758,557,236
10004252689,5730,690,265
10004253529,4992,599,233
10004253841,5466,664,247
10004254369,5520,642,278
10004254801,5424,679,225
10004254849,4926,581,240
10004255689,5340,655,235
10004256649,5178,632,231
10004256721,5724,686,268
10004257489,5538,657,266
10004258401,5022,577,260
10004259409,4332,511,211
10004260729,4386,530,201
10004261569,4440,511,229
10004264449,4368,489,239
10004265769,4728,543,245
10004265889,5352,619,273
10004266729,6546,791,300
10004267281,5136,637,219
10004267401,5886,723,258
10004267569,4374,516,213
10004268289,5118,636,217
10004268481,4500,495,255
10004268961,5646,665,276
10004269801,5508,657,261
10004270161,5898,699,284
10004270761,5250,602,273
10004270929,4698,535,248
10004271169,5316,629,257
10004271649,5184,609,255
10004271841,4626,511,260
10004272009,5142,625,232
10004274169,6840,876,264
10004275009,4728,576,212
10004275681,4548,542,216
10004275849,5418,669,234
10004276521,5202,619,248
10004276809,5442,665,242
10004277889,5238,625,248
10004278369,5256,598,278
10004279569,5370,617,278
10004280001,3924,458,196
10004281681,5580,665,265
10004283241,4722,550,237
10004283361,4998,604,229
10004283409,6264,715,329
10004284249,5238,619,254
10004284921,6540,764,326
10004285041,4860,539,271
10004285209,5076,595,251
10004285449,6120,737,283
10004290081,6510,793,292
10004290129,4890,581,234
10004290249,5682,697,250
10004290801,4560,569,191
10004291329,5700,676,274
10004292169,5106,615,236
10004296129,5190,637,228
10004296681,5544,621,303
10004296849,5832,686,286
10004298049,4026,461,210
10004298481,4356,512,214
10004299321,5814,707,262
10004300209,5466,634,277
10004300401,6702,789,328
10004301169,5316,632,254
10004301841,4452,512,230
10004302081,5484,647,267
10004302849,5520,672,248
10004303689,6192,710,322
10004303929,3786,438,193
10004304241,4566,551,210
10004304361,5718,657,296
10004305249,4386,507,224
10004305369,5334,621,268
10004305609,4590,511,254
10004305921,4026,463,208
10004306041,5172,613,249
10004306209,5208,617,251
10004306449,4998,598,235
10004307601,4422,550,187
10004309401,4416,511,225
10004310241,5664,657,287
10004312641,4338,494,229
10004312761,4494,539,210
10004313001,5160,605,255
10004313481,6210,745,290
10004314849,5916,650,336
10004315161,5046,586,255
10004316121,5478,675,238
10004317009,5748,671,287
10004318689,4368,524,204
10004319049,6726,784,337
10004319649,6270,718,327
10004320321,5484,650,264
10004322169,5610,679,256
10004322841,5208,603,265
10004323009,5466,666,245
10004323249,5550,616,309
10004323561,5676,674,272
10004324521,4488,542,206
10004324569,6480,763,317
10004325241,4548,525,233
10004325601,4842,528,279
10004326441,7254,800,409
10004327929,5622,674,263
10004328721,4842,560,247
10004329729,5736,696,260
10004329969,6534,769,320
10004330449,4926,565,256
10004331409,4782,571,226
10004332081,5598,685,248
10004332249,5370,634,261
10004332969,5292,620,262
10004333089,5604,664,270
10004334481,4338,529,194
10004334649,3534,418,171
10004335009,5376,642,254
10004336521,5394,634,265
10004337001,5172,619,243
10004337169,5112,604,248
10004338369,5166,612,249
10004339041,5322,609,278
10004339689,4464,512,232
10004340529,5016,606,230
10004341201,5112,594,258
10004343409,5436,659,247
10004345569,5298,640,243
10004346529,5226,634,237
10004346769,5010,591,244
10004347369,5496,674,242
10004348041,5238,609,264
10004348929,4596,541,225
10004349769,6210,737,298
10004349961,5820,709,261
10004350441,5538,679,244
10004353921,3912,429,223
10004355481,5898,669,314
10004355769,5160,613,247
10004356441,4536,532,224
10004357689,5634,659,280
10004358361,5724,690,264
10004358961,4620,550,220
10004359681,4200,482,218
10004360689,5124,613,241
10004361481,7344,850,374
10004361529,8988,1063,435
10004361889,4428,517,221
10004362561,4830,615,190
10004362729,3960,447,213
10004363209,4302,476,241
10004363401,5034,584,255
10004364241,5064,613,231
10004364889,5454,663,246
10004365561,5178,621,242
10004366569,5610,645,290
10004367361,4554,545,214
10004367409,4578,517,246
10004368921,6132,758,264
10004369281,5406,654,247
10004370049,4776,568,228
10004370289,4482,534,213
10004370769,6750,846,279
10004370889,4722,575,212
10004371129,4680,548,232
10004371441,4806,562,239
10004372281,6342,741,316
10004372401,5658,668,275
10004373241,5316,618,268
10004374129,4872,575,237
10004374801,5526,634,287
10004374921,5244,631,243
10004375761,5538,650,273
10004375809,5064,596,248
10004376841,4992,598,234
10004377609,5298,608,275
10004377849,6996,810,356
10004379841,3798,468,165
10004379961,3978,465,198
10004380801,5328,630,258
10004381209,4890,573,242
10004381521,5004,583,251
10004381689,4878,559,254
10004382889,4590,564,201
10004383561,7254,835,374
10004384041,5298,626,257
10004384161,5406,621,280
10004385409,6714,807,312
10004387089,4890,592,223
10004387401,4710,557,228
10004388241,4530,504,251
10004388601,5862,698,279
10004389441,4644,548,226
10004391601,5538,618,305
10004392729,6342,751,306
10004393401,5400,652,248
10004393809,5070,595,250
10004394241,5844,656,318
10004395129,4572,534,228
10004395249,6720,773,347
10004397001,5682,653,294
10004399689,6444,743,331
10004400361,5412,613,289
10004401129,5976,719,277
10004401201,5700,679,271
10004401369,4698,544,239
10004403889,5394,674,225
10004404321,4854,584,225
10004405209,5658,656,287
10004405401,5202,617,250
10004406409,5328,630,258
10004407009,4134,483,206
10004407561,4002,465,202
10004408521,5100,599,251
10004409601,5358,609,284
10004412049,4920,595,225
10004412289,4470,524,221
10004414281,5406,641,260
10004414449,4914,596,223
10004414569,5574,665,264
10004415121,4500,536,214
10004416489,5352,640,252
10004416969,5448,636,272
10004417809,4146,509,182
10004418481,5448,633,275
10004418649,5442,664,243
10004418769,4986,595,236
10004419441,4884,558,256
10004419609,5394,623,276
10004419849,4926,574,247
10004420281,4434,527,212
10004420689,4878,570,243
10004421121,5274,622,257
10004422009,5004,611,223
10004423521,4902,545,272
10004424049,6090,688,327
10004424361,5334,631,258
10004426209,5328,636,252
10004427049,4254,495,214
10004427721,5298,618,265
10004427889,5160,595,265
10004428249,5244,603,271
10004430529,4602,555,212
10004430769,5202,598,269
10004431249,5526,636,285
10004432089,4848,586,222
10004432929,5262,610,267
10004433289,6426,764,307
10004434129,5400,615,285
10004434441,4494,501,248
10004435401,4488,526,222
10004435569,6198,737,296
10004435641,5208,619,249
10004436961,4608,570,198
10004438641,5592,652,280
10004439481,3798,429,204
10004440321,4980,589,241
10004440681,4338,508,215
10004441281,5148,569,289
10004442529,5010,574,261
10004444881,5082,612,235
10004446489,4788,560,238
10004447161,5616,659,277
10004447329,6024,706,298
10004448001,4194,496,203
10004449009,4548,548,210
10004450089,4902,564,253
10004453281,4758,570,223
10004453449,4908,557,261
10004453881,6996,805,361
10004454289,5928,647,341
10004454721,4890,576,239
10004455561,4362,468,259
10004456401,4914,574,245
10004457289,5340,630,260
10004457481,6042,716,291
10004457649,3810,446,189
10004458921,5448,640,268
10004458969,5400,637,263
10004460649,4890,551,264
10004460841,4164,472,222
10004461849,7086,859,322
10004463961,6324,803,251
10004464009,5496,677,239
10004464849,4362,531,196
10004464969,5508,645,273
10004465521,4584,556,208
10004468161,4392,520,212
10004469169,4746,575,216
10004471569,5250,607,268
10004472601,4998,581,252
10004473081,5370,620,275
10004474089,4992,577,255
10004474281,5406,612,289
10004474761,5208,626,242
10004475721,5496,639,277
10004476441,5544,679,245
10004476609,5190,562,303
10004477401,4782,586,211
10004478409,4632,551,221
10004479489,4086,473,208
10004479801,5292,638,244
10004480329,6570,733,362
10004480641,3870,451,194
10004481001,5268,582,296
10004482681,8346,965,426
10004483521,5844,705,269
10004484001,4500,535,215
10004485009,5634,697,242
10004485129,4650,534,241
10004486209,5220,619,251
10004487529,4662,527,250
10004489041,4800,574,226
10004489161,6210,745,290
10004489329,6042,694,313
10004489401,3948,458,200
10004489569,5952,661,331
10004490169,5838,733,240
10004490409,6570,732,363
10004490721,4590,549,216
10004491921,5754,658,301
10004492089,7308,864,354
10004492569,4938,565,258
10004494609,5532,658,264
10004494921,4770,575,220
10004495041,5172,650,212
10004495881,6006,678,323
10004496121,5334,642,247
10004497441,4662,560,217
10004497729,5898,747,236
10004497801,3588,404,194
10004499649,4494,548,201
10004500081,3912,431,221
10004500249,5280,627,253
10004500921,4878,583,230
10004501161,4776,559,237
10004501641,5442,599,308
10004501761,6228,739,299
10004501929,4704,530,254
10004502841,4614,561,208
10004503321,4950,605,220
10004504161,4902,562,255
10004504689,6450,724,351
10004505361,5472,664,248
10004506009,3894,456,193
10004507641,5286,642,239
10004508049,5010,551,284
10004508529,4896,578,238
10004508889,6246,770,271
10004511001,5400,636,264
10004512081,4734,539,250
10004513089,5388,595,303
10004513521,4530,553,202
10004515441,6216,791,245
10004516281,5076,584,262
10004516449,4590,543,222
10004516761,5268,628,250
10004517961,4092,447,235
10004518801,5322,637,250
10004520241,5664,662,282
10004521081,4698,557,226
10004521249,6396,751,315
10004522161,6204,736,298
10004522929,4308,508,210
10004523481,5442,650,257
10004523649,5118,590,263
10004524009,5412,648,254
10004525281,5418,625,278
10004525521,5046,582,259
10004526121,5310,593,292
10004527969,6384,778,286
10004528689,5022,608,229
10004529481,4968,577,251
10004529889,6192,732,300
10004530369,5310,629,256
10004530561,4776,582,214
10004530729,5916,711,275
10004532049,5082,592,255
10004532721,6060,704,306
10004532841,5466,628,283
10004533009,4056,488,188
10004533681,4578,505,258
10004533849,5532,680,242
10004534689,4992,620,212
10004535529,5400,645,255
10004535601,5094,617,232
10004536081,5046,603,238
10004536441,4998,583,250
10004537449,4494,496,253
10004540401,5202,648,219
10004540449,6054,733,276
10004541289,4986,586,245
10004541649,6048,711,297
10004542081,4962,593,234
10004543641,4776,539,257
10004544481,5022,568,269
10004544769,5610,636,299
10004546449,5364,613,281
10004547001,4356,508,218
10004551369,5268,619,259
10004551489,4032,431,241
10004551729,5526,646,275
10004552401,5046,570,271
10004553841,5892,704,278
10004555761,5454,659,250
10004556241,5106,586,265
10004556409,5064,581,263
10004557201,5184,630,234
10004559601,4386,517,214
10004559769,6012,711,291
10004560609,4626,534,237
10004561449,5268,622,256
10004562961,4764,564,230
10004563489,6120,715,305
10004563969,3912,437,215
10004564161,5052,613,229
10004564761,3936,492,164
10004564929,6216,763,273
10004565481,6306,720,331
10004566441,5316,641,245
10004566681,5094,585,264
10004566849,5610,638,297
10004567161,5502,650,267
10004567449,5778,666,297
10004568001,5016,590,246
10004568361,5808,693,275
10004568529,6366,748,313
10004569849,4716,534,252
10004570041,4266,508,203
10004570689,5262,603,274
10004570809,4842,557,250
10004572489,6498,759,324
10004573401,5196,598,268
10004574721,5250,616,259
10004575081,5412,652,250
10004575249,4182,491,206
10004575561,5298,614,269
10004575729,5160,631,229
10004576689,5544,628,296
10004576761,6306,744,307
10004576929,5196,585,281
10004578201,5418,645,258
10004578921,4674,545,234
10004579041,5496,657,259
10004579449,5406,637,264
10004581801,6084,684,330
10004582281,4590,552,213
10004583289,5406,627,274
10004583409,5982,714,283
10004584129,5988,714,284
10004586001,5262,602,275
10004586169,6144,731,293
10004586601,4590,531,234
10004586841,6330,760,295
10004588161,5562,681,246
10004589121,5574,689,240
10004590009,5940,750,240
10004590369,5640,668,272
10004590681,5994,682,317
10004592529,5082,579,268
10004592649,4632,543,229
10004593369,4440,529,211
10004594161,4746,540,251
10004595049,5346,598,293
10004595841,5748,694,264
10004595889,5694,641,308
10004596081,6240,716,324
10004596249,6678,757,356
10004597689,5652,663,279
10004597761,4560,529,231
10004598361,4668,557,221
10004598529,6396,751,315
10004599441,4536,555,201
10004600761,4476,533,213
10004601289,5178,612,251
10004601961,6114,727,292
10004602129,6384,730,334
10004604481,3558,404,189
10004605081,5292,619,263
10004605129,4578,539,224
10004605489,4830,592,213
10004605801,5232,625,247
10004605921,4962,598,229
10004605969,5046,596,245
10004606329,5796,685,281
10004606761,5958,716,277
10004606809,5592,636,296
10004608321,5898,693,290
10004608489,6558,788,305
10004609281,5100,601,249
10004610001,5166,605,256
10004610169,5592,635,297
10004610841,3870,438,207
10004611849,5424,653,251
10004612641,4554,510,249
10004613049,5916,695,291
10004613481,5214,614,255
10004615329,5448,641,267
10004616001,5178,650,213
10004616409,5676,671,275
10004618089,5880,710,270
10004618761,4968,567,261
10004619241,4908,577,241
10004619409,5622,666,271
10004619529,4266,499,212
10004619769,4470,507,238
10004620081,5202,613,254
10004620369,4548,521,237
10004620441,5388,634,264
10004621089,4884,574,240
10004621881,4668,554,224
10004622049,6432,769,303
10004624809,4290,472,243
10004626321,4512,529,223
10004627161,4506,505,246
10004628001,4470,509,236
10004632369,5088,594,254
10004632681,5790,651,314
10004632801,5250,659,216
10004633209,6252,697,345
10004633809,4080,493,187
10004634529,6246,714,327
10004635561,4908,583,235
10004638009,5238,630,243
10004638681,5076,579,267
10004638849,5592,674,258
10004639761,5832,676,296
10004639929,4176,475,221
10004640409,4722,575,212
10004641369,5844,679,295
10004643721,6030,732,273
10004645449,5478,659,254
10004646241,5784,710,254
10004646481,5406,620,281
10004646649,6336,735,321
10004647129,5304,679,205
10004647321,6636,815,291
10004647489,4908,574,244
10004648089,5034,582,257
10004648161,5622,671,266
10004648761,6012,687,315
10004648809,4422,502,235
10004649001,5580,640,290
10004649169,5508,649,269
10004649649,4980,555,275
10004651329,5262,647,230
10004652169,5658,657,286
10004655049,3480,401,179
10004655481,6300,757,293
10004656489,5244,616,258
10004657401,5082,592,255
10004658721,4980,604,226
10004659009,4866,587,224
10004659849,6024,761,243
10004660521,5940,686,304
10004660929,5556,641,285
10004661409,6006,696,305
10004661529,5406,670,231
10004663041,5352,643,249
10004664049,5250,646,229
10004664601,4578,539,224
10004665729,5214,609,260
10004665969,4338,514,209
10004666281,4188,486,212
10004666401,4386,523,208
10004667649,6438,784,289
10004668129,4092,454,228
10004668969,4914,574,245
10004671849,4254,480,229
10004673841,6132,757,265
10004675041,5118,590,263
10004675881,4884,562,252
10004676361,5004,580,254
10004676481,7560,886,374
10004677369,4074,482,197
10004677561,5352,646,246
10004677729,5568,634,294
10004678569,5598,688,245
10004680249,4380,490,240
10004680729,6078,720,293
10004681761,6516,759,327
10004682241,4074,450,229
10004683081,5658,651,292
10004686561,4560,548,212
10004686729,4560,538,222
10004686969,5862,714,263
10004687401,5046,598,243
10004687569,6684,843,271
10004687809,5946,692,299
10004688409,4308,513,205
10004688481,5748,663,295
10004689801,5886,669,312
10004689969,5214,606,263
10004690089,5064,603,241
10004690329,7122,828,359
10004690929,4494,541,208
10004691649,4842,551,256
10004691769,5742,719,238
10004693161,5052,598,244
10004693449,4746,579,212
10004694001,4344,538,186
10004694529,5346,634,257
10004695009,3804,445,189
10004695201,4644,558,216
10004695369,5376,633,263
10004695969,4440,508,232
10004697889,5550,629,296
10004698201,3810,444,191
10004698321,5646,654,287
10004698489,4890,583,232
10004702089,5670,672,273
10004702401,4668,599,179
10004702689,5454,626,283
10004703409,5148,587,271
10004703769,5010,583,252
10004704081,4572,532,230
10004704441,5538,664,259
10004705449,4866,589,222
10004705929,5028,577,261
10004706121,4836,573,233
10004706769,5652,702,240
10004707441,5040,586,254
10004707729,4752,534,258
10004708401,4518,532,221
10004708569,5208,615,253
10004708809,6174,681,348
10004709961,5070,617,228
10004710249,4890,567,248
10004710921,4740,563,227
10004711161,4134,475,214
10004711329,4872,580,232
10004712649,4758,567,226
10004713681,4332,512,210
10004714329,4338,529,194
10004714521,6690,841,274
10004715001,4710,525,260
10004715841,5094,588,261
10004716009,5082,603,244
10004716849,6162,731,296
10004717641,4518,537,216
10004717809,4368,531,197
10004718049,4506,524,227
10004718649,5142,626,231
10004719369,5430,650,255
10004719729,5172,614,248
10004720569,5670,665,280
10004721241,6576,793,303
10004721409,4962,611,216
10004721889,5676,658,288
10004722249,5976,695,301
10004722681,6084,734,280
10004722729,5346,629,262
10004723089,4452,522,220
10004723689,4782,567,230
10004727769,4932,605,217
10004728801,5634,670,269
10004731801,4944,564,260
10004731921,5502,651,266
10004731969,5646,654,287
10004732329,5658,680,263
10004733169,7104,829,355
10004733601,5616,634,302
10004734849,5334,629,260
10004735329,5310,631,254
10004736529,5208,615,253
10004738209,5064,603,241
10004738521,6012,734,268
10004739049,5622,689,248
10004739361,4566,515,246
10004739721,5046,591,250
10004739889,4548,542,216
10004740201,4650,526,249
10004740561,5310,623,262
10004742721,4782,544,253
10004743249,5874,681,298
10004743681,4194,489,210
10004744089,5988,724,274
10004744521,6060,737,273
10004744569,6576,750,346
10004744689,3978,479,184
10004745601,5454,633,276
10004746369,5874,700,279
10004747281,4572,509,253
10004748049,5004,588,246
10004748121,4560,542,218
10004750449,5574,656,273
10004750641,5544,669,255
10004751121,4512,553,199
10004753641,4566,505,256
10004754481,5358,642,251
10004754649,6912,831,321
10004755681,4794,559,240
10004756329,4776,531,265
10004756521,5322,647,240
10004757001,5844,697,277
10004757289,6852,873,269
10004757361,4590,540,225
10004758801,4992,600,232
10004760361,5262,631,246
10004760529,4488,537,211
10004761321,4548,562,196
10004761369,5400,652,248
10004761489,5958,723,270
10004761561,4974,578,251
10004762041,5250,627,248
10004762881,4860,584,226
10004763841,4920,605,215
10004764681,5256,615,261
10004765521,4968,580,248
10004765689,4752,567,225
10004767081,4638,547,226
10004767249,4380,530,200
10004768929,4860,583,227
10004770441,4986,595,236
10004770561,5376,640,256
10004770729,5388,612,286
10004771281,5490,633,282
10004772961,4950,595,230
10004774809,4710,564,221
10004775169,5334,626,263
10004776009,6348,747,311
10004776609,4626,561,210
10004776681,5670,661,284
10004778169,6018,662,341
10004778361,5334,668,221
10004779009,4500,509,241
10004779129,4974,569,260
10004779969,6252,766,276
10004780641,6030,720,285
10004780689,6138,732,291
10004780881,6186,732,299
10004781529,5004,589,245
10004782561,5526,647,274
10004783209,4860,567,243
10004783329,6252,751,291
10004784409,5466,619,292
10004785729,4686,558,223
10004785849,5286,581,300
10004787361,5898,665,318
10004787601,6030,697,308
10004788249,4806,567,234
10004789089,4848,556,252
10004789449,6306,787,264
10004789761,4578,531,232
10004789881,4866,591,220
10004790049,4548,538,220
10004790721,5562,639,288
10004790889,5154,603,256
10004791561,5760,694,266
10004791729,4806,569,232
10004791801,5106,589,262
10004791969,4674,550,229
10004792641,6282,726,321
10004793241,4416,497,239
10004793289,6006,711,290
10004795761,5268,610,268
10004796001,6042,713,294
10004796169,5160,620,240
10004796481,4500,514,236
10004797849,6258,744,299
10004798281,4638,524,249
10004798329,6132,698,324
10004798521,3744,434,190
10004798689,5646,669,272
10004800369,4638,548,225
10004800681,4638,546,227
10004800969,4122,484,203
10004801689,4518,514,239
10004801881,5268,643,235
10004802529,6030,724,281
10004803201,4398,525,208
10004803729,6990,852,313
10004805169,5640,665,275
10004805721,3978,479,184
10004809201,4878,581,232
10004809921,6414,752,317
10004810209,5304,642,242
10004810281,5838,685,288
10004811121,7446,895,346
10004811721,5412,621,281
10004811889,5034,630,209
10004813281,3954,456,203
10004814649,4686,531,250
10004815321,5016,589,247
10004815489,5892,706,276
10004816089,5880,683,297
10004816329,5100,598,252
10004817481,5526,696,225
10004817601,5514,645,274
10004818441,6528,789,299
10004819281,5250,640,235
10004819329,5472,668,244
10004820121,5520,661,259
10004820289,4626,510,261
10004821369,4314,505,214
10004822041,6036,692,314
10004822809,4278,498,215
10004823529,4890,577,238
10004823721,4476,515,231
10004824201,5682,658,289
10004825209,4848,580,228
10004825881,5820,709,261
10004826049,4572,541,221
10004826241,4494,566,183
10004826721,4848,557,251
10004828089,5892,707,275
10004828401,5082,570,277
10004830249,5688,656,292
10004830609,6582,808,289
10004831761,4854,598,211
10004832121,4962,600,227
10004833129,6348,750,308
10004834401,4782,559,238
10004834641,5130,578,277
10004834809,5004,604,230
10004835289,5754,673,286
10004835961,5652,650,292
10004836921,5124,620,234
10004837761,4278,519,194
10004839321,4260,492,218
10004839441,4374,497,232
10004841529,5316,638,248
10004841841,4098,487,196
10004844049,6066,722,289
10004845369,5466,681,230
10004847049,6648,803,305
10004847169,4698,559,224
10004848561,5292,615,267
10004848921,4440,513,227
10004851921,5064,558,286
10004852089,4248,478,230
10004852881,4920,593,227
10004852929,4638,536,237
10004853721,5670,627,318
10004854441,4608,555,213
10004855569,5748,676,282
10004857321,4902,574,243
10004857801,5172,595,267
10004858641,5334,675,214
10004859001,4632,515,257
10004859481,5394,617,282
10004859649,4560,514,246
10004860441,4596,549,217
10004860681,6570,726,369
10004860849,4842,594,213
10004862001,4128,500,188
10004862961,6300,750,300
10004863129,4842,590,217
10004864041,5862,685,292
10004864689,4620,546,224
10004864809,4968,569,259
10004865361,5526,690,231
10004868409,5688,659,289
10004868889,6780,791,339
10004870089,4332,511,211
10004870569,4776,566,230
10004872201,4506,533,218
10004875609,4824,575,229
10004878249,6846,844,297
10004878321,4920,539,281
10004878801,4542,534,223
10004880481,5154,617,242
10004880841,5952,734,258
10004881009,5850,699,276
10004881321,5016,607,229
10004881489,6270,697,348
10004882281,4920,573,247
10004883121,4386,498,233
10004883841,6234,737,302
10004884801,5868,689,289
10004884969,5526,654,267
10004885041,6840,788,352
10004885881,4266,485,226
10004886481,6048,767,241
10004886721,4872,548,264
10004888209,5418,682,221
10004889889,5082,596,251
10004890009,4740,541,249
10004890081,4986,586,245
10004890729,4626,541,230
10004890849,6204,746,288
10004890921,4776,561,235
10004891761,6204,770,264
10004892361,4452,497,245
10004892409,5100,619,231
10004895289,5670,661,284
10004895889,5286,622,259
10004895961,6030,710,295
10004896801,3738,446,177
10004897281,4632,540,232
10004897641,5898,731,252
10004898121,4440,525,215
10004898289,4854,568,241
10004899081,5028,605,233
10004899969,5142,579,278
10004900641,4644,539,235
10004900761,4914,577,242
10004903449,5568,638,290
10004904529,5844,709,265
10004905681,4506,524,227
10004907049,4890,560,255
10004907721,5052,572,270
10004908729,4668,550,228
10004911561,5088,610,238
10004911849,4206,470,231
10004911921,4380,499,231
10004913601,4164,503,191
10004914081,4902,617,200
10004914369,6090,747,268
10004914609,6174,708,321
10004915281,5616,637,299
10004916121,5982,718,279
10004917441,4968,599,229
10004919289,5052,575,267
10004921809,5286,623,258
10004922769,4656,549,227
10004924521,5964,693,301
10004925841,3594,416,183
10004926201,5166,611,250
10004927689,4632,547,225
10004927809,5082,599,248
10004928049,5598,636,297
10004928361,5172,606,256
10004928721,4896,574,242
10004928889,6738,786,337
10004930209,5094,590,259
10004930329,3990,448,217
10004931169,4878,556,257
10004932849,5280,628,252
10004932921,4632,540,232
10004933929,4206,478,223
10004934529,5364,635,259
10004934769,4968,591,237
10004935201,4512,554,198
10004935249,5388,606,292
10004935609,4704,546,238
10004937721,4878,589,224
10004939281,4530,545,210
10004939641,6288,751,297
10004941129,4998,598,235
10004941249,5106,623,228
10004942161,4404,516,218
10004942929,7032,902,270
10004944009,5400,660,240
10004944321,4254,520,189
10004945449,5196,596,270
10004946121,5088,583,265
10004947129,4782,581,216
10004947201,4668,560,218
10004947369,5958,738,255
10004949649,4440,523,217
10004950369,5586,672,259
10004952169,5898,733,250
10004953561,5394,614,285
10004953681,5532,644,278
10004954689,5850,712,263
10004955769,6792,743,389
10004956249,5622,683,254
10004956441,5364,624,270
10004956609,6876,798,348
10004957041,4470,543,202
10004957881,6126,718,303
10004958121,5070,617,228
10004961289,5460,643,267
10004962081,4284,468,246
10004962321,4776,541,255
10004964481,5592,669,263
10004964841,4446,500,241
10004965609,5118,600,253
10004965849,5088,608,240
10004967169,5370,643,252
10004967361,4818,568,235
10004967529,6132,755,267
10004968201,5118,615,238
10004968801,4332,469,253
10004969881,4962,606,221
10004970361,4776,582,214
10004971321,4194,513,186
10004973169,4410,499,236
10004973409,6786,819,312
10004973721,5406,663,238
10004974849,5268,608,270
10004976769,6906,843,308
10004977201,5286,654,227
10004977249,5142,598,259
10004978209,5112,657,195
10004979289,5220,604,266
10004980441,5520,634,286
10004980561,4626,527,244
10004980729,5196,626,240
10004981281,4494,522,227
10004982121,4800,553,247
10004983129,4668,541,237
10004983489,6210,695,340
10004983801,6036,728,278
10004984089,5262,661,216
10004984161,5748,716,242
10004984761,4770,581,214
10004986609,6564,779,315
10004987449,4920,563,257
10004987689,5700,667,283
10004988001,4878,578,235
10004988361,5532,652,270
10004989129,5598,698,235
10004989801,4080,508,172
10004990641,5310,629,256
10004990881,7542,909,348
10004991361,4596,552,214
10004991721,5526,658,263
10004992321,4410,518,217
10004994721,5154,596,263
10004995729,5820,708,262
10004995921,8904,1052,432
10004997241,5220,603,267
10004997529,5748,671,287
10004997601,4854,603,206
10004998609,5328,623,265
10005001561,5430,669,236
10005002281,5382,664,233
10005002569,4842,562,245
10005003121,4992,591,241
10005003409,4830,558,247
10005004081,5472,661,251
10005005089,6120,701,319
10005005641,6030,748,257
10005005809,5784,687,277
10005006841,5754,687,272
10005007009,4860,560,250
10005007321,4422,528,209
10005007609,5136,612,244
10005008281,4644,541,233
10005009961,6072,744,268
10005010129,5136,579,277
10005010201,4416,526,210
10005011209,5952,712,280
10005012361,5610,682,253
10005012889,5004,605,229
10005013201,5418,627,276
10005013729,5832,715,257
10005015001,5874,694,285
10005015409,5580,640,290
10005016009,4662,549,228
10005018601,5556,651,275
10005021769,6324,793,261
10005022129,4122,473,214
10005022441,7230,850,355
10005022561,5250,593,282
10005024409,5040,602,238
10005027001,5598,637,296
10005027481,4920,584,236
10005028441,4386,499,232
10005028849,4944,563,261
10005030001,4644,554,220
10005030121,4974,582,247
10005031801,5064,634,210
10005031969,5736,670,286
10005032209,4824,558,246
10005032641,4806,565,236
10005032809,5910,742,243
10005033361,5130,632,223
10005034489,5424,604,300
10005034729,5880,703,277
10005035401,4512,519,233
10005035881,5388,621,277
10005036241,5766,669,292
10005036721,4566,530,231
10005037921,5340,617,273
10005039241,4320,540,180
10005039769,6048,703,305
10005041881,5394,638,261
10005042721,4662,564,213
10005043441,5076,587,259
10005043561,5190,603,262
10005043969,5760,664,296
10005044281,4836,560,246
10005045409,4656,546,230
10005046921,4536,502,254
10005046969,6510,772,313
10005047329,7590,888,377
10005047809,5190,613,252
10005048769,4164,466,228
10005050161,5598,705,228
10005050521,5466,668,243
10005051289,4986,580,251
10005052201,5166,568,293
10005052801,5568,670,258
10005053209,8154,943,416
10005053689,5046,616,225
10005053881,5196,587,279
10005054361,3672,445,167
10005054481,5742,689,268
10005054721,5808,697,271
10005055201,5040,583,257
10005056161,4716,577,209
10005056881,4986,593,238
10005057169,5754,663,296
10005058249,5796,699,267
10005058681,5940,716,274
10005059089,4500,540,210
10005060409,5682,678,269
10005060601,5412,616,286
10005061369,4650,557,218
10005061609,6990,802,363
10005063121,4014,458,211
10005065449,5874,715,264
10005066481,5046,600,241
10005067129,5382,612,285
10005067489,6576,747,349
10005068809,5352,633,259
10005069601,4488,523,225
10005070321,5112,575,277
10005070609,6156,692,334
10005070849,4944,584,240
10005071521,5214,588,281
10005072001,4818,587,216
10005073129,5376,640,256
10005073681,4752,555,237
10005073849,5112,621,231
10005076321,4656,559,217
10005076561,5442,651,256
10005078001,4134,482,207
10005078169,4854,551,258
10005079009,5400,650,250
10005079561,5298,631,252
10005079681,5598,624,309
10005079729,6486,835,246
10005080521,5418,666,237
10005080929,6096,723,293
10005081529,4386,520,211
10005084289,5406,664,237
10005084601,5058,605,238
10005084769,5292,596,286
10005085729,5988,733,265
10005085801,5094,602,247
10005085969,5628,663,275
10005086809,5580,627,303
10005087289,5814,706,263
10005087409,4512,562,190
10005087481,6282,727,320
10005089089,5472,631,281
10005089641,5364,670,224
10005090481,4710,542,243
10005093001,4998,599,234
10005093361,5418,633,270
10005094681,4560,540,220
10005095641,5730,709,246
10005096529,4614,535,234
10005099001,4908,557,261
10005100561,4044,463,211
10005101401,4692,525,257
10005101521,6474,760,319
10005101929,5850,682,293
10005102241,4182,478,219
10005103081,5034,619,220
10005103921,4620,544,226
10005104041,5496,614,302
10005104209,4998,624,209
10005104281,6558,777,316
10005104881,4914,562,257
10005104929,4902,559,258
10005105049,5256,640,236
10005105889,4194,490,209
10005106801,5148,627,231
10005107449,4350,522,203
10005107809,5250,617,258
10005108121,6024,681,323
10005109489,6480,763,317
10005109921,4938,583,240
10005110761,5700,672,278
10005112009,5478,639,274
10005112441,4242,479,228
10005113281,5946,721,270
10005113449,4488,506,242
10005114001,5256,643,233
10005114961,6078,703,310
10005115369,5442,634,273
10005115849,4506,525,226
10005116041,6060,736,274
10005116521,4482,531,216
10005117481,5136,613,243
10005118729,6078,711,302
10005119329,4602,546,221
10005119401,4668,536,242
10005120409,4662,535,242
10005121081,5130,605,250
10005121561,5892,722,260
10005121681,3996,449,217
10005121921,5250,609,266
10005122089,5070,564,281
10005123361,5454,636,273
10005123409,5058,580,263
10005124369,6336,789,267
10005125041,4710,546,239
10005125929,5646,684,257
10005126601,4368,521,207
10005126889,5034,585,254
10005127801,5028,598,240
10005128569,6930,829,326
10005128641,6246,745,296
10005130489,4554,513,246
10005131089,5100,575,275
10005131161,4302,490,227
10005131761,5346,658,233
10005132649,6270,739,306
10005132769,4212,498,204
10005133321,4722,550,237
10005134329,5184,599,265
10005135841,4410,553,182
10005136681,5142,602,255
10005136849,5214,625,244
10005137209,5184,620,244
10005137689,5436,617,289
10005137809,5406,669,232
10005137881,6156,713,313
10005138361,5436,656,250
10005138889,5892,694,288
10005139369,4758,561,232
10005140569,5628,687,251
10005141169,4878,567,246
10005142561,5664,674,270
10005142729,5856,677,299
10005143089,4956,600,226
10005146449,4536,538,218
10005146881,4818,558,245
10005147289,10320,1190,530
10005148441,6066,708,303
10005149809,4734,580,209
10005151489,4434,524,215
10005151921,7056,843,333
10005152761,6012,733,269
10005154321,6420,759,311
10005154609,5004,604,230
10005154849,5418,633,270
10005155449,5604,670,264
10005156121,4560,534,226
10005156841,6060,726,284
10005156961,5100,585,265
10005158521,5022,599,238
10005160729,4206,491,210
10005161041,5370,623,272
10005165241,4824,561,243
10005165361,4950,573,252
10005165769,4236,504,202
10005166921,5562,701,226
10005167089,4380,539,191
10005168289,5190,604,261
10005168601,4422,529,208
10005169129,5478,623,290
10005170281,5616,663,273
10005170401,6738,910,213
10005172321,4722,550,237
10005172921,5490,635,280
10005173161,5742,657,300
10005173641,4296,508,208
10005173809,5622,670,267
10005173929,4464,503,241
10005174601,5190,607,258
10005175681,4674,563,216
10005175849,4878,580,233
10005177961,5076,595,251
10005178129,4908,585,233
10005179209,5820,720,250
10005179641,5244,634,240
10005180049,5226,650,221
10005180649,5250,626,249
10005181201,5082,582,265
10005181321,5358,636,257
10005182041,5334,618,271
10005182881,5070,589,256
10005184009,4824,582,222
10005184561,5268,666,212
10005184921,5094,598,251
10005185401,4326,517,204
10005187081,5550,645,280
10005187249,5916,740,246
10005188881,5238,623,250
10005189889,6192,735,297
10005190801,4344,515,209
10005191809,6498,770,313
10005192409,5172,593,269
10005193969,4908,562,256
10005194809,4632,537,235
10005195841,5928,694,294
10005197161,5526,626,295
10005197329,5754,668,291
10005198001,5070,585,260
10005198121,5466,609,302
10005198361,5670,665,280
10005199849,5436,655,251
10005199969,7116,872,314
10005201049,5496,678,238
10005201529,5040,605,235
10005201649,3954,445,214
10005204169,5196,621,245
10005204241,4632,541,231
10005204409,5994,701,298
10005204841,4116,491,195
10005205849,5472,614,298
10005205921,5058,592,251
10005206689,4320,490,230
10005208921,4086,469,212
10005209881,5370,662,233
10005210961,5856,672,304
10005211609,5094,582,267
10005214081,6114,721,298
10005214249,6012,707,295
10005214489,4266,479,232
10005215089,3846,443,198
10005216649,5880,661,319
10005216769,4170,501,194
10005216841,4134,473,216
10005217441,6240,732,308
10005217609,4338,524,199
10005221041,4800,579,221
10005221641,4632,553,219
10005222049,5028,583,255
10005222361,5214,615,254
10005222529,4710,554,231
10005223489,5388,660,238
10005224881,4260,495,215
10005225001,6276,773,273
10005226921,4134,487,202
10005227521,4938,576,247
10005227569,5910,708,277
10005228241,5346,636,255
10005228361,5262,658,219
10005229081,4134,481,208
10005229441,3924,479,175
10005229921,4392,527,205
10005230281,6978,892,271
10005230761,4368,518,210
10005230929,4842,560,247
10005231601,4542,539,218
10005231961,5208,637,231
10005232969,5040,578,262
10005233281,5220,631,239
10005233401,5610,675,260
10005234409,5466,652,259
10005236641,4326,505,216
10005237601,5190,595,270
10005238609,5952,685,307
10005238681,5226,612,259
10005239521,4878,586,227
10005239689,4536,521,235
10005240121,5010,625,210
10005240361,5394,626,273
10005240841,5646,680,261
10005241009,4146,482,209
10005241801,4764,554,240
10005241969,5844,670,304
10005242041,4608,545,223
10005245329,4824,563,241
10005246409,5358,612,281
10005247249,6048,715,293
10005247561,4854,578,231
10005247849,4158,491,202
10005248521,5046,611,230
10005249361,5406,613,288
10005249601,5466,680,231
10005250081,4776,560,236
10005250369,5778,671,292
10005250921,5862,683,294
10005251089,5574,648,281
10005251449,5094,631,218
10005253561,5448,631,277
10005253969,5544,663,261
10005254569,6504,788,296
10005255241,4560,542,218
10005256081,5790,723,242
10005256249,4914,550,269
10005256489,6384,751,313
10005256801,4536,548,208
10005257929,5322,621,266
10005258481,4470,545,200
10005258841,5412,650,252
10005259489,4506,540,211
10005259681,5178,588,275
10005260329,5214,583,286
10005261169,5388,642,256
10005261961,5622,682,255
10005262009,4434,497,242
10005266209,4092,454,228
10005266569,5346,627,264
10005267241,5064,597,247
10005267889,4530,548,207
10005268849,6318,774,279
10005269089,5502,632,285
10005269761,3858,461,182
10005271609,5028,591,247
10005272929,5292,658,224
10005273601,4416,521,215
10005274801,5592,651,281
10005275809,5262,630,247
10005276649,4668,530,248
10005276961,4362,506,221
10005277489,4224,498,206
10005277921,5004,582,252
10005278161,6882,860,287
10005278329,6594,762,337
10005278809,4752,564,228
10005281281,4830,569,236
10005283369,4308,547,171
10005284041,4518,541,212
10005284209,6252,744,298
10005287329,5178,618,245
10005288049,5772,661,301
10005288169,4812,553,249
10005288721,5166,624,237
10005289729,5466,629,282
10005290929,5604,660,274
10005291409,4482,549,198
10005291601,5616,664,272
10005292249,5424,636,268
10005293281,4500,522,228
10005293761,5472,658,254
10005293929,4728,542,246
10005295561,6072,737,275
10005295609,4236,495,211
10005295801,7050,840,335
10005296449,4956,555,271
10005296809,5214,596,273
10005298129,5574,633,296
10005298249,5292,625,257
10005298321,5580,655,275
10005299329,5358,626,267
10005299761,5592,633,299
10005299929,5196,633,233
10005300001,5316,599,287
10005301441,4512,556,196
10005303169,4878,574,239
10005303961,5370,610,285
10005304009,6066,708,303
10005304369,6042,710,297
10005304849,4386,535,196
10005305041,5532,677,245
10005307201,4998,602,231
10005307561,6618,764,339
10005307729,5454,628,281
10005308881,4614,531,238
10005309001,4932,581,241
10005309049,4920,586,234
10005309889,3924,427,227
10005311521,4170,486,209
10005311761,6828,778,360
10005312241,4434,544,195
10005312529,4584,535,229
10005312769,4056,472,204
10005313081,5316,614,272
10005313441,6294,709,340
10005314881,4278,513,200
10005315601,5328,654,234
10005318241,4548,561,197
10005318409,6054,725,284
10005319081,4404,517,217
10005320161,4452,508,234
10005320329,5028,583,255
10005321649,5358,641,252
10005322009,4764,561,233
10005323281,8898,1047,436
10005325009,3978,450,213
10005325801,4980,583,247
10005325969,5778,685,278
10005326041,6810,846,289
10005327049,3990,454,211
10005327529,4554,544,215
10005327721,4602,542,225
10005328321,5466,638,273
10005329401,4872,554,258
10005329881,4794,556,243
10005330169,4890,609,206
10005331009,5706,681,270
10005332089,4542,566,191
10005332521,5604,663,271
10005332929,5028,593,245
10005333409,4650,535,240
10005333601,5460,657,253
10005333769,4638,560,213
10005334081,4590,537,228
10005335449,6060,713,297
10005336049,5886,713,268
10005336721,4746,548,243
10005338449,5070,594,251
10005338809,5358,634,259
10005341089,5844,704,270
10005341161,4032,477,195
10005341761,5214,643,226
10005343609,4782,574,223
10005344281,6288,747,301
10005344521,5616,659,277
10005345841,5154,616,243
10005346369,5124,615,239
10005346969,5022,595,242
10005347641,5118,616,237
10005347809,5358,644,249
10005348481,5376,635,261
10005348889,5754,674,285
10005350401,5214,621,248
10005351001,5184,587,277
10005351409,3924,467,187
10005352681,4800,562,238
10005352729,4752,578,214
10005354241,4284,482,232
10005355081,4212,510,192
10005355249,5592,622,310
10005356041,5568,670,258
10005356929,6168,733,295
10005357049,5736,670,286
10005358801,4872,582,230
10005358969,6060,733,277
10005359569,5400,603,297
10005360481,4938,587,236
10005360649,5064,613,231
10005360961,4902,578,239
10005361129,4650,538,237
10005362161,5316,620,266
10005362329,4914,568,251
10005364441,6078,718,295
10005365329,5448,657,251
10005365449,5142,629,228
10005366001,4626,541,230
10005366361,4650,519,256
10005368641,5856,688,288
10005368689,5172,619,243
10005369481,5802,663,304
10005370201,5658,669,274
10005370561,4374,484,245
10005371041,5112,607,245
10005371209,5616,662,274
10005372409,5340,655,235
10005373009,5412,636,266
10005373249,4752,546,246
10005373849,6282,737,310
10005375769,4380,504,226
10005376081,5550,668,257
10005376609,5430,614,291
10005377281,4326,530,191
10005379561,5514,621,298
10005381121,5706,671,280
10005381481,6918,866,287
10005381649,5664,642,302
10005382129,5448,661,247
10005382921,4854,589,220
10005383329,7176,831,365
10005383761,5694,670,279
10005383929,5706,714,237
10005384601,5622,685,252
10005385441,4608,546,222
10005386161,4638,543,230
10005386449,4866,577,234
10005387529,5868,723,255
10005388009,5070,588,257
10005388969,5520,637,283
10005389881,5046,577,264
10005390649,5424,654,250
10005391369,5928,724,264
10005391729,4686,572,209
10005394249,5340,620,270
10005395089,5832,676,296
10005395929,5214,617,252
10005396241,4968,626,202
10005396361,5310,612,273
10005396769,4506,534,217
10005397609,4878,590,223
10005397921,4554,505,254
10005398041,4308,498,220
10005398209,4932,590,232
10005401569,4872,575,237
10005402409,4428,515,223
10005402961,4644,558,216
10005403081,5868,699,279
10005403321,5412,639,263
10005403801,4650,541,234
10005403921,5520,656,264
10005404329,10788,1251,547
10005404641,4992,601,231
10005405481,6000,709,291
10005406009,4020,450,220
10005406681,5094,632,217
10005407689,4938,579,244
10005408121,5658,659,284
10005409369,5922,698,289
10005410209,6378,810,253
10005410689,3936,460,196
10005411049,5940,698,292
10005411529,6360,789,271
10005412201,4260,510,200
10005413329,8022,936,401
10005414841,5868,698,280
10005415249,5820,686,284
10005416689,5136,595,261
10005418201,5364,637,257
10005419089,5292,625,257
10005419929,4800,579,221
10005420769,5508,649,269
10005421561,5526,646,275
10005421609,4512,521,231
10005421729,5478,678,235
10005421801,4800,572,228
10005422569,5460,612,298
10005424129,5406,633,268
10005425329,4416,516,220
10005425809,5142,609,248
10005426601,4686,547,234
10005427441,4848,577,231
10005428689,4896,555,261
10005429289,5100,605,245
10005430681,5688,655,293
10005431041,5430,612,293
10005431809,5076,582,264
10005431881,5058,565,278
10005432529,4896,594,222
10005432649,5214,611,258
10005433369,7626,955,316
10005435889,4728,576,212
10005436249,4734,527,262
10005436729,4932,612,210
10005437089,4800,568,232
10005438409,5352,648,244
10005439201,3828,456,182
10005440761,5172,633,229
10005441769,6132,723,299
10005441961,4272,520,192
10005442609,6366,760,301
10005442729,4830,590,215
10005444481,5676,672,274
10005444961,4650,559,216
10005445249,5562,677,250
10005445969,6366,721,340
10005446641,5316,634,252
10005446929,4404,526,208
10005447169,5118,588,265
10005448681,8628,1019,419
10005449329,4890,603,212
10005449521,4674,570,209
10005450289,7224,818,386
10005452881,5286,612,269
10005453361,4536,562,194
10005456889,6060,712,298
10005457081,5760,647,313
10005457681,5664,695,249
10005457849,4830,574,231
10005457921,6024,705,299
10005458761,5016,570,266
10005458929,5838,667,306
10005460921,3264,382,162
10005461041,4554,541,218
10005461209,4902,602,215
10005462121,5664,635,309
10005462721,5280,620,260
10005463561,4944,564,260
10005463609,5106,578,273
10005463969,6336,767,289
10005464401,5646,660,281
10005464641,4812,560,242
10005465409,4860,555,255
10005465961,5850,684,291
10005466129,5448,613,295
10005466489,5448,659,249
10005467761,5862,676,301
10005468769,5394,630,269
10005469489,4080,499,181
10005469681,5286,612,269
10005471529,5304,601,283
10005474361,4860,579,231
10005474481,5226,627,244
10005474649,4506,530,221
10005474889,5250,633,242
10005475321,5964,719,275
10005476329,4506,526,225
10005477049,4440,502,238
10005478081,5220,613,257
10005478921,4974,581,248
10005479089,4608,523,245
10005480601,5040,539,301
10005481249,4308,480,238
10005481609,5994,731,268
10005482089,4776,519,277
10005482881,3972,455,207
10005483289,5922,706,281
10005483601,4308,492,226
10005483721,4578,536,227
10005483769,4584,554,210
10005483889,4830,554,251
10005484129,4284,477,237
10005486409,4968,596,232
10005487321,5328,620,268
10005489649,4440,507,233
10005490681,5892,694,288
10005491329,4806,557,244
10005491449,5220,607,263
10005492841,4566,560,201
10005493801,5622,683,254
10005495481,5970,684,311
10005495889,4470,531,214
10005496321,5742,631,326
10005496561,4878,556,257
10005497041,4602,545,222
10005498001,4398,533,200
10005498169,5334,638,251
10005498241,5472,647,265
10005498409,4692,526,256
10005498721,4410,521,214
10005499681,4470,514,231
10005500689,6642,785,322
10005500929,5850,706,269
10005501361,5538,646,277
10005501529,7782,1076,221
10005502249,6780,792,338
10005503041,4440,525,215
10005503449,5988,722,276
10005504601,4722,543,244
10005505729,6198,741,292
10005506569,5568,665,263
10005507961,6186,782,249
10005508801,4704,561,223
10005509089,4908,587,231
10005509809,5250,614,261
10005510841,5094,592,257
10005512281,5334,658,231
10005513121,6660,819,291
10005514801,5682,664,283
10005516049,3864,427,217
10005516529,5724,672,282
10005518401,6054,721,288
10005519241,4890,575,240
10005519721,4734,612,177
10005519841,5460,641,269
10005519889,4686,534,247
10005520081,5532,673,249
10005520249,5244,617,257
10005520729,4776,558,238
10005521089,5892,738,244
10005521689,5406,642,259
10005522361,4812,551,251
10005523081,4788,570,228
10005524209,5526,699,222
10005524449,5112,589,263
10005524761,3804,432,202
10005525289,4668,535,243
10005525721,5046,612,229
10005525889,5190,606,259
10005526561,4974,578,251
10005526801,4512,497,255
10005527569,4872,553,259
10005529081,5430,606,299
10005529249,3786,454,177
10005529321,5304,630,254
10005530329,5658,686,257
10005535009,4596,550,216
10005535681,5100,619,231
10005536641,4608,509,259
10005536809,4098,482,201
10005537481,4434,516,223
10005538201,6924,845,309
10005538489,5322,630,257
10005538561,5616,686,250
10005540889,5472,621,291
10005542401,5898,684,299
10005544201,5526,626,295
10005546721,5232,604,268
10005548281,5178,606,257
10005548401,5766,702,259
10005550801,5388,645,253
10005551761,5598,640,293
10005552001,4416,546,190
10005552169,5556,648,278
10005553321,4338,507,216
10005555169,3570,414,181
10005555361,4698,554,229
10005556369,5202,643,224
10005556849,5964,732,262
10005556969,5310,643,242
10005557209,5754,672,287
10005558529,5916,721,265
10005558649,5034,575,264
10005558889,4968,580,248
10005559489,4710,566,219
10005559561,6120,699,321
10005560329,4398,509,224
10005560401,4878,571,242
10005561001,5892,670,312
10005561889,6480,755,325
10005562009,4566,527,234
10005563089,4710,571,214
10005564241,4578,551,212
10005566089,4632,551,221
10005566281,5376,613,283
10005566449,5868,738,240
10005567289,4746,555,236
10005567601,5136,600,256
10005567769,5976,681,315
10005568129,5244,626,248
10005569401,3840,449,191
10005569809,4608,527,241
10005570409,5286,617,264
10005571249,5604,659,275
10005573169,5478,671,242
10005574321,5178,650,213
10005575521,5574,652,277
10005577201,4638,496,277
10005577849,5436,611,295
10005578041,5286,618,263
10005578641,5544,644,280
10005580489,5886,714,267
10005580729,4656,576,200
10005581569,4926,567,254
10005582049,4818,547,256
10005582841,4848,564,244
10005583681,4542,496,261
10005583921,4638,539,234
10005584401,5004,594,240
10005584689,4308,490,228
10005584929,5376,645,251
10005585241,5208,587,281
10005585361,6372,719,343
10005585409,5304,629,255
10005585529,5166,604,257
10005586081,5106,575,276
10005586441,5496,647,269
10005587041,4968,579,249
10005588889,5160,599,261
10005589441,4314,490,229
10005591649,7368,869,359
10005592081,4452,538,204
10005592921,5388,630,268
10005593089,6582,818,279
10005593641,4998,565,268
10005595009,6132,711,311
10005595441,5520,634,286
10005595489,5460,636,274
10005598129,5118,607,246
10005599209,5502,658,259
10005599641,5568,639,289
10005599881,4956,584,242
10005601561,5094,615,234
10005603001,5454,634,275
10005603241,7788,852,446
10005603409,6066,709,302
10005603841,4620,577,193
10005606601,5718,644,309
10005608089,5784,678,286
10005608761,4746,569,222
10005609049,4764,595,199
10005609121,4824,558,246
10005609721,5598,664,269
10005610129,6228,713,325
10005610969,9402,1065,502
10005611449,7116,826,360
10005611809,4524,562,192
10005612481,5940,711,279
10005613081,4980,562,268
10005613489,4446,506,235
10005614329,5472,642,270
10005614761,5412,630,272
10005617329,5058,608,235
10005617449,5220,620,250
10005617689,6678,788,325
10005618169,5802,739,228
10005618289,5526,711,210
10005618361,5292,652,230
10005618841,6054,737,272
10005619009,4212,469,233
10005620641,5268,612,266
10005621361,5538,654,269
10005621481,4800,555,245
10005621889,5736,640,316
10005623161,5190,639,226
10005624001,5034,611,228
10005625249,4710,564,221
10005625561,6582,748,349
10005625921,6078,715,298
10005626401,4764,542,252
10005627769,5622,666,271
10005628201,4812,558,244
10005628249,4956,594,232
10005628441,4092,498,184
10005628609,4650,541,234
10005629209,7116,840,346
10005630049,6474,724,355
10005630289,6144,708,316
10005630601,5214,584,285
10005630961,6576,823,273
10005631561,4860,570,240
10005632281,5064,585,259
10005633289,5568,676,252
10005633409,5016,580,256
10005633961,5886,715,266
10005636169,4506,511,240
10005636649,5076,596,250
10005636769,6306,726,325
10005637321,4632,541,231
10005638281,5022,592,245
10005638329,5178,630,233
10005639121,6786,808,323
10005639361,4818,570,233
10005640129,4566,557,204
10005641209,4062,493,184
10005641521,5568,670,258
10005641641,5478,689,224
10005641689,5778,682,281
10005645049,5382,622,275
10005645241,5526,662,259
10005645889,6030,688,317
10005646009,5424,655,249
10005646561,3882,427,220
10005647401,4950,564,261
10005648361,5826,705,266
10005648409,4248,503,205
10005648529,6354,774,285
10005649201,4434,466,273
10005649609,4854,607,202
10005649921,4098,516,167
10005650089,5100,613,237
10005650929,5232,602,270
10005652561,6246,752,289
10005652729,6930,820,335
10005653641,4470,554,191
10005654121,4536,551,205
10005654409,4272,548,164
10005655321,5544,670,254
10005655801,4482,543,204
10005655969,5622,662,275
10005656641,4650,558,217
10005657481,5100,597,253
10005657601,5472,637,275
10005658321,5688,681,267
10005658681,6138,708,315
10005658849,6240,698,342
10005659161,3990,454,211
10005659329,5766,631,330
10005660961,6126,743,278
10005661201,6072,689,323
10005661681,4674,546,233
10005662809,4656,560,216
10005662881,4626,533,238
10005664369,5718,693,260
10005664561,6240,714,326
10005664729,4908,604,214
10005665041,5172,612,250
10005665881,5844,652,322
10005666841,5418,650,253
10005666889,4440,519,221
10005667081,4722,552,235
10005667561,5568,677,251
10005667681,5172,605,257
10005668401,3648,420,188
10005669529,5568,702,226
10005670249,4320,507,213
10005671041,4716,559,227
10005672121,4782,548,249
10005672769,6054,687,322
10005673441,4482,531,216
10005673609,6222,713,324
10005676081,5700,661,289
10005676249,5118,596,257
10005676489,5628,682,256
10005677089,4686,577,204
10005678169,4788,571,227
10005678601,4062,462,215
10005678649,6018,756,247
10005680521,4926,591,230
10005680689,5046,605,236
10005681001,5238,622,251
10005681289,5190,629,236
10005682201,4584,505,259
10005682969,6102,727,290
10005683641,5112,620,232
10005684361,6348,740,318
10005684529,4686,557,224
10005685201,4368,527,201
10005686161,4866,584,227
10005686569,6180,733,297
10005688729,4542,506,251
10005689521,4656,550,226
10005690241,4968,595,233
10005690361,4962,589,238
10005690601,4974,651,178
10005691609,3936,448,208
10005692089,4734,520,269
10005692209,5028,621,217
10005692761,3846,430,211
10005693601,5616,688,248
10005695641,5286,630,251
10005696289,5202,608,259
10005697129,6894,798,351
10005697249,5646,672,269
10005697321,5196,577,289
10005697969,5292,614,268
10005699001,4578,523,240
10005699169,5808,696,272
10005700849,4338,536,187
10005701161,4890,557,258
10005701281,5364,645,249
10005701521,5238,631,242
10005701689,4452,496,246
10005702001,4314,500,219
10005702169,5394,690,209
10005703681,4584,508,256
10005704809,5196,614,252
10005705481,6330,788,267
10005706729,6030,735,270
10005707161,4626,555,216
10005707209,4656,578,198
10005708001,4542,532,225
10005709081,4374,528,201
10005709561,5388,638,260
10005709921,5022,587,250
10005710929,4872,572,240
10005711241,5244,591,283
10005711601,5448,673,235
10005712081,4176,473,223
10005713281,5250,586,289
10005715729,3804,454,180
10005715969,5184,604,260
10005719161,5724,688,266
10005720841,4830,554,251
10005721321,5844,745,229
10005722329,5286,648,233
10005723001,4650,573,202
10005723121,3942,452,205
10005724369,3810,436,199
10005724801,5310,636,249
10005726481,4464,513,231
10005726721,3648,442,166
10005727201,5466,668,243
10005727561,4764,568,226
10005728329,6288,780,268
10005728881,4698,553,230
10005730849,4830,534,271
10005730921,5598,696,237
10005731761,4458,517,226
10005732241,5628,681,257
10005732409,5964,722,272
10005732601,6420,738,332
10005733609,4416,507,229
10005734041,6216,777,259
10005734929,5718,664,289
10005735049,6888,791,357
10005735889,6696,807,309
10005737281,4362,495,232
10005737569,5016,601,235
10005737809,5208,615,253
10005738121,5010,583,252
10005738289,5544,667,257
10005738481,5844,691,283
10005739129,4902,562,255
10005739921,4656,558,218
10005739969,4266,502,209
10005740809,3594,395,204
10005742009,6186,710,321
10005742321,4962,559,268
10005743281,5106,622,229
10005744121,6210,736,299
10005744361,5262,616,261
10005745129,5382,619,278
10005746809,6288,763,285
10005747049,5220,591,279
10005749209,4782,580,217
10005749329,4866,567,244
10005749401,6198,760,273
10005751729,4362,526,201
10005751849,4710,572,213
10005755041,5352,644,248
10005756049,5508,664,254
10005756961,5142,624,233
10005759121,5028,596,242
10005759289,5316,616,270
10005760801,4962,609,218
10005761761,4896,617,199
10005761809,5040,628,212
10005762769,6012,710,292
10005764521,4542,535,222
10005765169,5016,597,239
10005766129,5820,720,250
10005767641,4248,502,206
10005767689,4386,496,235
10005767881,5148,621,237
10005768889,5280,596,284
10005769321,5796,670,296
10005770881,4806,574,227
10005771169,4320,525,195
10005771409,5580,618,312
10005774409,4704,595,189
10005774601,3342,390,167
10005774769,4668,542,236
10005775201,5496,673,243
10005775609,4608,541,227
10005776281,6762,802,325
10005777121,5478,641,272
10005777289,6054,723,286
10005778561,4758,582,211
10005778729,5586,659,272
10005779809,4656,520,256
10005780289,5088,586,262
10005781249,4254,509,200
10005781921,5172,596,266
10005781969,4962,593,234
10005782929,5220,627,243
10005784441,4248,495,213
10005784609,6954,880,279
10005785521,4992,569,263
10005786361,4980,597,233
10005786841,4710,541,244
10005786961,5160,577,283
10005787369,5748,682,276
10005788041,4938,596,227
10005788521,4326,495,226
10005788641,6162,758,269
10005789649,5442,638,269
10005791161,5532,673,249
10005791329,4734,560,229
10005792169,5820,698,272
10005792721,5112,604,248
10005793249,3852,459,183
10005793729,4710,549,236
10005795769,9042,1027,480
10005796081,4302,506,211
10005796921,5172,582,280
10005797209,4962,587,240
10005797881,5004,598,236
10005800809,4380,499,231
10005801121,4008,473,195
10005802321,4926,541,280
10005802921,5676,655,291
10005804169,7140,806,384
10005804649,4614,543,226
10005804769,6330,747,308
10005805009,5988,716,282
10005806281,4338,515,208
10005806329,4758,561,232
10005807961,5958,709,284
10005808369,6156,755,271
10005808849,4440,508,232
10005809881,5340,603,287
10005811201,4416,467,269
10005812041,3402,384,183
10005813889,6786,792,339
10005814081,5532,664,258
10005814681,5094,611,238
10005814849,4878,551,262
10005815089,5442,644,263
10005815401,5262,626,251
10005817201,5364,610,284
10005817609,5712,702,250
10005819601,5454,618,291
10005819721,5424,616,288
10005820969,6048,699,309
10005822289,4512,551,201
10005822961,5286,605,276
10005823129,4854,558,251
10005823489,5988,707,291
10005824329,6636,859,247
10005824761,4590,520,245
10005825001,5838,605,368
10005825649,4698,584,199
10005826609,4266,489,222
10005826681,5442,619,288
10005826849,5112,592,260
10005828121,4344,526,198
10005828361,3954,452,207
10005829681,4494,528,221
10005831481,5112,580,272
10005832201,5034,603,236
10005832321,4860,586,224
10005832489,4470,533,212
10005833041,5154,586,273
10005833329,5748,658,300
10005835729,5208,614,254
10005836089,6702,836,281
10005836521,5808,654,314
10005836689,4908,573,245
10005837241,5832,691,281
10005837529,4938,595,228
10005838201,6582,767,330
10005838369,4956,576,250
10005839881,5550,665,260
10005839929,5898,703,280
10005840721,6960,826,334
10005841129,4536,515,241
10005841561,5064,591,253
10005842449,4656,523,253
10005844081,5658,670,273
10005844969,6174,728,301
10005845761,5454,684,225
10005845809,6528,819,269
10005846001,5910,690,295
10005847321,5778,674,289
10005847441,7476,876,370
10005847681,5322,631,256
10005848161,5064,592,252
10005849169,4692,544,238
10005849361,5754,690,269
10005850369,5598,654,279
10005851209,4452,507,235
10005851641,6300,746,304
10005851809,6498,805,278
10005852481,5322,624,263
10005854041,4320,499,221
10005854401,5442,634,273
10005855049,5022,610,227
10005856009,4884,585,229
10005856249,5928,680,308
10005856561,5016,594,242
10005857089,6912,813,339
10005857761,5118,572,281
10005858409,4872,559,253
10005859081,5034,562,277
10005860281,4614,520,249
10005862129,5316,649,237
10005862561,5748,733,225
10005862609,5118,578,275
10005863449,5562,660,267
10005865921,5748,673,285
10005867649,5082,602,245
10005868441,4824,542,262
10005868849,4032,488,184
10005869689,6396,753,313
10005870001,4098,445,238
10005870169,5364,636,258
10005870289,6510,709,376
10005870529,5730,727,228
10005871009,5142,581,276
10005871129,5274,642,237
10005871201,5316,604,282
10005871969,4860,581,229
10005872521,5328,645,243
10005872881,5262,612,265
10005873049,5988,704,294
10005873721,4650,565,210
10005875041,5298,628,255
10005875401,4578,542,221
10005875881,4968,576,252
10005877249,5682,668,279
10005877729,4746,561,230
10005878521,4332,511,211
10005880201,5472,643,269
10005880609,4584,541,223
10005880921,5760,700,260
10005881929,5220,611,259
10005882769,4074,464,215
10005882889,7998,1106,227
10005883441,4716,567,219
10005883561,4992,617,215
10005885121,4764,561,233
10005885289,4824,558,246
10005885481,5574,680,249
10005885961,4926,560,261
10005886081,5136,591,265
10005886921,6090,751,264
10005887161,6576,781,315
10005887809,5112,597,255
10005888649,4830,556,249
10005889489,5676,628,318
10005890449,4416,498,238
10005890689,4980,566,264
10005891121,4566,541,220
10005893641,5202,579,288
10005894529,4218,502,201
10005894649,4146,468,223
10005894889,5286,601,280
10005896161,4782,550,247
10005896401,5208,653,215
10005897241,5658,659,284
10005897721,4824,570,234
10005897841,4890,551,264
10005898561,4950,592,233
10005898729,5346,644,247
10005898849,4380,510,220
10005899569,5172,612,250
10005900241,5082,593,254
10005900529,4374,523,206
10005900601,4806,588,213
10005901249,4758,570,223
10005901921,4566,523,238
10005905401,6504,771,313
10005906409,5490,646,269
10005906649,6012,704,298
10005907321,5256,633,243
10005907801,6612,771,331
10005907921,4956,579,247
10005908329,4992,539,293
10005908641,4986,586,245
10005908761,4650,564,211
10005910009,5496,641,275
10005910441,4722,529,258
10005910489,4698,550,233
10005912001,5166,622,239
10005912121,5256,632,244
10005913009,4086,494,187
10005916201,5430,641,264
10005916561,4692,523,259
10005917569,5394,626,273
10005918001,4386,498,233
10005918409,5586,680,251
10005919081,4824,548,256
10005919849,4920,565,255
10005919921,6174,747,282
10005920689,6042,730,277
10005920761,6606,790,311
10005921361,5502,665,252
10005923281,5544,645,279
10005924289,4218,493,210
10005925609,4584,562,202
10005926449,4830,578,227
10005926569,5646,675,266
10005926641,4602,513,254
10005927289,6084,733,281
10005927961,6084,741,273
10005928321,5100,597,253
10005930769,5424,645,259
10005931489,5034,581,258
10005931609,4980,585,245
10005931681,6960,837,323
10005932161,4518,531,222
10005932329,4752,565,227
10005933001,4794,557,242
10005933169,5070,621,224
10005933361,5376,626,270
10005934129,4230,481,224
10005934801,5622,667,270
10005935881,6342,763,294
10005936481,5508,619,299
10005937561,4140,487,203
10005937729,5988,721,277
10005938209,4332,492,230
10005938329,5532,638,284
10005939001,6000,716,284
10005940561,4062,468,209
10005940729,4896,573,243
10005942361,7056,844,332
10005944089,4734,568,221
10005946609,7488,887,361
10005946969,5472,652,260
10005948241,5088,623,225
10005949249,6390,722,343
10005950089,5484,617,297
10005951649,5160,607,253
10005952009,5730,689,266
10005952441,4380,511,219
10005953161,4338,491,232
10005953521,4818,585,218
10005953689,4866,563,248
10005954001,5220,627,243
10005954529,4668,518,260
10005954841,3666,444,167
10005955681,5520,673,247
10005955969,5532,600,322
10005956881,5694,676,273
10005957721,5232,609,263
10005957889,5202,608,259
10005958321,5232,641,231
10005958561,4758,570,223
10005961249,5178,632,231
10005961681,4524,522,232
10005964369,5040,591,249
10005964921,4944,584,240
10005965209,5274,600,279
10005967129,4956,573,253
10005967441,4806,571,230
10005967561,5286,611,270
10005968641,4998,592,241
10005969121,4992,584,248
10005972001,5268,638,240
10005973609,5418,606,297
10005978481,5424,622,282
10005978529,4806,564,237
10005978889,4056,469,207
10005981241,5730,672,283
10005981721,4854,553,256
10005981889,5148,616,242
10005982729,5502,657,260
10005983569,6228,724,314
10005984409,5136,602,254
10005986041,4368,512,216
10005988441,4566,563,198
10005988801,4914,562,257
10005990409,4518,524,229
10005990961,5226,599,272
10005993169,5130,603,252
10005993601,5328,621,267
10005994321,5064,581,263
10005994489,6342,739,318
10005995161,6858,849,294
10005995689,6936,786,370
10005996361,4638,546,227
10005996529,5388,620,278
10005996841,5532,636,286
10005997129,6996,858,308
10005998809,4392,477,255
10005999049,4938,588,235
10005999361,5316,657,229
10006000321,5088,611,237
10006000561,7800,932,368
10006000729,7596,939,327
10006001881,5166,613,248
10006002049,4728,550,238
10006003561,3774,441,188
10006003681,5550,673,252
10006003849,6966,871,290
10006004761,4914,544,275
10006004929,5184,613,251
10006005409,4404,507,227
10006006201,4956,594,232
10006006249,5610,656,279
10006006609,4806,562,239
10006006921,4062,489,188
10006008769,3492,396,186
10006009441,4890,573,242
10006009561,5106,601,250
10006009801,6126,697,324
10006009969,7032,881,291
10006010401,5352,624,268
10006011289,5580,676,254
10006011409,5700,689,261
10006011481,5304,630,254
10006012969,4680,547,233
10006013089,5358,631,262
10006016161,5178,632,231
10006017169,4494,513,236
10006017289,4602,531,236
10006019641,5292,660,222
10006019689,5166,555,306
10006019809,5004,573,261
10006021321,4836,564,242
10006021489,6210,743,292
10006022329,6330,750,305
10006022881,5664,660,284
10006023169,4902,573,244
10006025089,5736,669,287
10006025401,4524,536,218
10006025929,4698,539,244
10006026241,4392,504,228
10006026409,4932,575,247
10006027609,5676,672,274
10006028209,5970,700,295
10006029721,4824,556,248
10006030609,4998,577,256
10006031401,5484,639,275
10006032649,6264,755,289
10006033249,5238,593,280
10006035649,4638,528,245
10006035769,5850,698,277
10006036009,6570,757,338
10006036321,5520,651,269
10006036441,5982,724,273
10006036849,4128,467,221
10006037281,4626,535,236
10006037689,6540,783,307
10006040521,4002,443,224
10006040809,7158,832,361
10006043881,4932,581,241
10006044241,5766,696,265
10006044721,4848,545,263
10006045561,4764,575,219
10006045729,4968,609,219
10006047769,4494,528,221
10006048249,6084,715,299
10006049089,4878,605,208
10006049281,5604,691,243
10006049929,4602,540,227
10006050049,5052,606,236
10006051129,6180,758,272
10006051729,6168,747,281
10006052281,4326,502,219
10006052401,4920,578,242
10006052569,7134,882,307
10006053121,4512,538,214
10006054081,4296,502,214
10006054129,5430,660,245
10006054249,5370,625,270
10006055089,5970,699,296
10006055161,4800,540,260
10006055809,4908,562,256
10006056169,5418,647,256
10006056481,5928,732,256
10006056649,4566,534,227
10006059001,3948,469,189
10006059841,5382,644,253
10006061809,5964,696,298
10006062049,5322,642,245
10006062361,4818,602,201
10006062481,6384,781,283
10006062721,4686,567,214
10006063369,4794,564,235
10006064161,4524,521,233
10006064209,5076,589,257
10006065049,5190,613,252
10006066921,7218,805,398
10006067089,5532,670,252
10006068601,4626,556,215
10006069081,5394,612,287
10006069441,4812,553,249
10006070209,4746,569,222
10006070449,5070,591,254
10006072129,4812,558,244
10006072441,5250,594,281
10006074121,4938,575,248
10006074241,4698,550,233
10006074409,5538,634,289
10006075921,4626,570,201
10006075969,4710,560,225
10006078009,6660,772,338
10006082881,4434,507,232
10006086001,5382,652,245
10006086241,8598,999,434
10006086889,5238,619,254
10006087009,5022,601,236
10006087921,7848,907,401
10006088569,4758,536,257
10006089409,5442,665,242
10006090249,3612,433,169
10006091089,4428,528,210
10006091209,5160,620,240
10006091881,5880,686,294
10006092049,6198,734,299
10006092769,4398,521,212
10006092961,5928,698,290
10006093441,6018,742,261
10006093609,5598,693,240
10006093729,4062,474,203
10006094641,4446,526,215
10006096489,5526,633,288
10006096921,4566,527,234
10006097089,5496,629,287
10006097161,6138,738,285
10006098001,3666,432,179
10006098601,4590,573,192
10006098769,5952,734,258
10006099849,5664,685,259
10006101169,4992,623,209
10006101361,4830,560,245
10006102969,5298,615,268
10006103641,4992,599,233
10006103689,5406,634,267
10006104649,5346,627,264
10006104721,6054,696,313
10006105201,4086,494,187
10006107169,4938,599,224
10006108561,4416,545,191
10006109521,5178,629,234
10006111081,4566,529,232
10006111369,5376,650,246
10006112089,4326,500,221
10006112209,5454,626,283
10006112929,6816,859,277
10006113121,4428,485,253
10006113961,4602,545,222
10006114801,4824,582,222
10006114969,6012,686,316
10006116409,4788,569,229
10006117129,4566,543,218
10006117321,4884,566,248
10006117489,4290,486,229
10006118641,4752,560,232
10006118761,5310,609,276
10006118929,4254,453,256
10006119601,4944,591,233
10006120441,5910,729,256
10006121329,5766,713,248
10006123129,6444,807,267
10006123201,4626,546,225
10006123801,5940,738,252
10006125049,5586,652,279
10006126201,5862,669,308
10006126321,5220,599,271
10006126369,6012,688,314
10006126729,4770,556,239
10006127401,6168,702,326
10006127569,4986,582,249
10006129561,5544,639,285
10006130089,5946,734,257
10006133881,6522,803,284
10006134289,6918,821,332
10006134961,4476,525,221
10006136809,5322,641,246
10006137241,4422,514,223
10006137481,6438,769,304
10006137961,4350,523,202
10006138081,4236,515,191
10006138921,4728,574,214
10006139329,4662,549,228
10006139641,5136,593,263
10006141441,5424,642,262
10006142161,4860,603,207
10006145521,5904,698,286
10006145641,5616,675,261
10006145689,4344,501,223
10006146049,4890,593,222
10006146649,6396,752,314
10006148041,6348,763,295
10006148209,4752,552,240
10006148329,5202,619,248
10006148401,5400,658,242
10006149409,4482,497,250
10006150849,6726,774,347
10006151521,5364,649,245
10006152361,5940,717,273
10006153081,4968,593,235
10006153249,5424,594,310
10006153609,6210,695,340
10006154449,5520,656,264
10006156729,5898,705,278
10006156801,4812,565,237
10006158961,5016,588,248
10006160161,4488,542,206
10006160641,4242,484,223
10006161481,5556,646,280
10006162849,5490,642,273
10006164121,6366,792,269
10006166689,4980,606,224
10006166881,5622,669,268
10006167361,5880,674,306
10006167529,7788,913,385
10006168321,5934,725,264
10006169209,4392,541,191
10006169881,6858,791,352
10006170169,5988,689,309
10006171561,5100,593,257
10006171921,5136,613,243
10006172569,4794,584,215
10006172689,4824,566,238
10006172929,5754,668,291
10006174249,4908,572,246
10006174921,5694,673,276
10006177561,5148,573,285
10006177801,4560,514,246
10006178641,5760,711,249
10006179121,4722,554,233
10006180321,5928,682,306
10006181161,7722,963,324
10006181329,5304,603,281
10006182481,4008,467,201
10006182601,5088,597,251
10006182841,6282,773,274
10006183321,4908,580,238
10006185001,5652,677,265
10006186849,4932,580,242
10006186969,4050,471,204
10006187689,5406,634,267
10006187809,6438,769,304
10006188529,4854,563,246
10006189201,5028,581,257
10006189729,4734,519,270
10006191049,6162,701,326
10006191841,4980,579,251
10006192249,4428,521,217
10006193521,4482,485,262
10006193929,4710,535,250
10006195081,4818,555,248
10006196881,5766,683,278
10006197049,4728,552,236
10006197889,6360,798,262
10006200241,5790,703,262
10006200409,5190,593,272
10006201081,6438,757,316
10006201801,4932,623,199
10006203001,4122,494,193
10006203601,4974,564,265
10006203841,4860,571,239
10006204489,5748,644,314
10006205161,5628,691,247
10006205281,5550,651,274
10006205449,4896,578,238
10006206361,6600,806,294
10006208521,4146,474,217
10006208881,4146,492,199
10006209049,4290,522,193
10006209529,5382,634,263
10006209721,5142,617,240
10006211569,5478,624,289
10006212841,4782,557,240
10006213681,5076,602,244
10006213729,5940,724,266
10006214401,4476,538,208
10006214761,5160,595,265
10006215409,5244,642,232
10006215601,5544,666,258
10006216369,5256,619,257
10006218721,5880,718,262
10006218889,6804,833,301
10006219969,5466,651,260
10006220569,5052,595,247
10006221961,5826,690,281
10006222489,4434,492,247
10006222801,3792,458,174
10006222921,7272,915,297
10006223089,6078,734,279
10006224169,6132,721,301
10006224649,4512,537,215
10006225681,4458,498,245
10006226281,4674,548,231
10006227001,5370,627,268
10006227841,4038,468,205
10006228009,6138,759,264
10006230529,4080,472,208
10006232329,5328,630,258
10006233001,5184,632,232
10006233889,4626,565,206
10006234681,4500,511,239
10006235761,5268,628,250
10006236529,4860,601,209
10006236769,4260,510,200
10006237369,5562,663,264
10006237441,5838,706,267
10006239889,6006,717,284
10006240441,5118,612,241
10006241449,5004,577,257
10006242481,5784,654,310
10006243249,5988,706,292
10006243321,4674,533,246
10006243969,4992,615,217
10006244089,5364,623,271
10006246009,4746,563,228
10006247161,4542,530,227
10006248961,5154,609,250
10006250209,5064,593,251
10006251721,6300,743,307
10006252369,5772,694,268
10006254001,4692,559,223
10006255249,4974,592,237
10006256089,4290,504,211
10006258201,4518,540,213
10006258441,5772,684,278
10006260049,5118,587,266
10006261609,5484,632,282
10006261729,4620,560,210
10006262281,4872,558,254
10006262449,5106,591,260
10006263409,4368,502,226
10006263961,5274,634,245
10006264321,4722,540,247
10006265761,6096,756,260
10006265809,4608,548,220
10006266481,4752,546,246
10006267009,6000,691,309
10006267489,5130,611,244
10006268329,5460,648,262
10006270009,5850,714,261
10006271521,4032,480,192
10006271881,5070,584,261
10006272481,5154,621,238
10006274329,5436,641,265
10006276009,5262,607,270
10006276249,6054,715,294
10006277569,5874,707,272
10006278361,5298,632,251
10006279201,6222,756,281
10006279609,5328,635,253
10006280209,5772,700,262
10006280929,5808,681,287
10006282801,4818,581,222
10006283641,5232,607,265
10006283809,4614,535,234
10006285249,4230,485,220
10006286089,6492,758,324
10006288681,4314,500,219
10006289281,5220,645,225
10006289521,5538,656,267
10006290121,4566,514,247
10006291129,4752,529,263
10006291201,4800,541,259
10006291369,6252,724,318
10006291969,5532,701,221
10006293529,4302,516,201
10006294201,5982,688,309
10006295161,5862,662,315
10006295569,4590,541,224
10006295881,4974,605,224
10006296241,6318,761,292
10006296841,5550,677,248
10006297849,5682,696,251
10006298089,5208,629,239
10006298521,4638,571,202
10006298689,4620,546,224
10006299409,5466,658,253
10006299529,6672,856,256
10006299601,4320,514,206
10006300081,5550,657,268
10006300441,5094,605,244
10006300921,4722,568,219
10006301089,4092,475,207
10006301449,4860,560,250
10006302769,4494,514,235
10006304401,4884,562,252
10006305121,5418,667,236
10006305649,4788,575,223
10006306801,5352,633,259
10006308649,4950,568,257
10006309681,6084,729,285
10006310329,4974,579,250
10006311121,5400,671,229
10006311169,5394,633,266
10006311361,4854,608,201
10006312009,4896,592,224
10006312201,5460,660,250
10006312369,5706,654,297
10006313689,5316,636,250
10006314049,4266,481,230
10006314481,5250,610,265
10006314649,5250,646,229
10006315321,6396,816,250
10006315729,4848,565,243
10006316041,4776,592,204
10006317889,5592,655,277
10006318081,4320,520,200
10006318921,4074,477,202
10006319569,4338,506,217
10006320601,5214,602,267
10006321249,4818,573,230
10006321609,4560,558,202
10006323889,5160,574,286
10006323961,5736,674,282
10006324441,4224,493,211
10006325401,4278,509,204
10006326241,4866,581,230
10006327081,4752,588,204
10006327129,5508,671,247
10006328329,5364,633,261
10006329481,5100,607,243
10006329649,4734,566,223
10006330489,4848,567,241
10006331329,4734,561,228
10006331449,5856,671,305
10006331521,6270,748,297
10006332169,4818,560,243
10006333009,5202,638,229
10006334809,4362,503,224
10006336201,5292,631,251
10006336321,4680,541,239
10006336729,4782,570,227
10006337569,8412,951,451
10006337881,5262,651,226
10006338169,4524,517,237
10006338241,5250,619,256
10006338721,4488,529,219
10006338841,5232,613,259
10006339729,3708,424,194
10006339921,5970,699,296
10006340089,4878,530,283
10006340689,5736,686,270
10006340761,5172,609,253
10006342201,4710,531,254
10006343209,3774,444,185
10006343761,6054,701,308
10006344769,4752,571,221
10006345441,4302,494,223
10006345729,5718,721,232
10006346809,9600,1098,502
10006348921,5412,627,275
10006350001,5724,679,275
10006350649,5082,600,247
10006351441,4848,597,211
10006352449,5412,618,284
10006354129,5694,698,251
10006354681,6216,670,366
10006355209,5244,596,278
10006355521,6000,775,225
10006357561,5538,631,292
10006359049,6240,751,289
10006359169,4560,552,208
10006359721,5346,628,263
10006360921,6102,722,295
10006361089,6792,778,354
10006361401,4470,514,231
10006361689,5256,598,278
10006364761,6168,713,315
10006364881,4944,572,252
10006365601,4890,586,229
10006365961,5298,641,242
10006366441,5328,601,287
10006366609,5178,595,268
10006366801,5538,706,217
10006366969,4386,502,229
10006367401,5250,584,291
10006367641,4518,549,204
10006368289,5520,652,268
10006368649,5880,714,266
10006369249,6906,846,305
10006370809,6198,721,312
10006372489,5862,728,249
10006374121,6126,726,295
10006374289,5262,645,232
10006374361,4650,526,249
10006375129,5370,649,246
10006375369,5856,671,305
10006375801,5232,628,244
10006375969,5580,657,273
10006377649,4818,545,258
10006377889,5052,595,247
10006379041,4380,521,209
10006379329,5040,602,238
10006380049,5286,591,290
10006380841,4764,579,215
10006381681,4596,524,242
10006382521,5010,559,276
10006383529,6300,757,293
10006383769,6660,818,292
10006385209,7500,863,387
10006385761,4806,587,214
10006386289,6186,699,332
10006387441,5358,639,254
10006387609,4890,571,244
10006388449,5274,639,240
10006390081,6000,725,275
10006390249,5790,677,288
10006390321,6018,713,290
10006390921,6714,806,313
10006391089,4794,567,232
10006391809,4632,544,228
10006392169,5526,675,246
10006393489,4338,512,211
10006395361,6348,733,325
10006396009,4266,470,241
10006396201,5448,620,288
10006396801,4728,558,230
10006398889,5424,625,279
10006399369,4992,578,254
10006399489,4302,498,219
10006399561,6174,737,292
10006399729,4638,547,226
10006400329,5610,653,282
10006401169,5598,658,275
10006401241,5640,663,277
10006403521,5772,683,279
10006403761,5268,598,280
10006403929,5268,610,268
10006404769,4032,476,196
10006406089,3918,452,201
10006406881,4524,525,229
10006407289,5940,692,298
10006407721,6180,756,274
10006407769,5622,679,258
10006408801,5100,565,285
10006409401,5472,651,261
10006409449,3624,428,176
10006410649,4260,505,205
10006411801,4464,536,208
10006412089,5442,654,253
10006412929,6714,778,341
10006413841,4242,504,203
10006414321,4866,576,235
10006414609,4584,521,243
10006414849,6258,761,282
10006415689,5556,652,274
10006416841,4674,554,225
10006417969,5454,640,269
10006418209,5340,653,237
10006418809,5484,633,281
10006421209,5052,575,267
10006422169,5688,645,303
10006422721,4638,552,221
10006422841,5652,698,244
10006424569,5448,652,256
10006424761,5508,660,258
10006425529,5730,703,252
10006426369,4590,562,203
10006426921,5064,581,263
10006427209,5052,589,253
10006428121,5346,610,281
10006430569,4674,565,214
10006431289,4824,571,233
10006431481,5430,622,283
10006431961,5232,627,245
10006432081,4722,547,240
10006432129,4932,588,234
10006433329,4974,588,241
10006433641,6366,786,275
10006433929,4794,582,217
10006434649,4890,565,250
10006435321,4698,523,260
10006435489,5862,736,241
10006435609,4554,535,224
10006435849,4932,570,252
10006436161,5586,660,271
10006437169,4260,520,190
10006437289,5274,627,252
10006438201,5676,669,277
10006440049,5778,677,286
10006440721,4932,545,277
10006440889,5778,689,274
10006442881,4434,504,235
10006443001,4512,531,221
10006443169,6192,727,305
10006445569,5742,660,297
10006445689,4272,503,209
10006445929,5412,638,264
10006446361,5784,715,249
10006446529,4842,571,236
10006447369,5280,610,270
10006447441,3876,427,219
10006448281,5580,654,276
10006448449,6600,803,297
10006452481,5628,682,256
10006452649,5718,697,256
10006455649,5616,664,272
10006457281,5214,632,237
10006458529,3948,459,199
10006460689,4296,502,214
10006461481,4938,586,237
10006461529,5790,682,283
10006461649,5616,694,242
10006462201,6126,720,301
10006462369,5358,629,264
10006463161,5478,639,274
10006464049,5328,615,273
10006466401,4758,543,250
10006467241,3990,460,205
10006467769,4554,521,238
10006468201,4734,548,241
10006468369,5880,679,301
10006469281,3924,451,203
10006469761,5574,674,255
10006470121,5646,681,260
10006470601,5142,590,267
10006470889,5532,658,264
10006472809,5076,603,243
10006473409,3636,405,201
10006474081,6744,769,355
10006475329,4818,545,258
10006475641,5796,675,291
10006477489,5430,644,261
10006477609,4938,605,218
10006477849,4344,484,240
10006479121,4710,549,236
10006479961,4614,562,207
10006480681,5916,692,294
10006480801,4932,572,250
10006481521,4146,509,182
10006482049,4914,557,262
10006482481,5508,647,271
10006483489,8226,862,509
10006484041,5448,637,271
10006485169,5784,712,252
10006485241,4488,503,245
10006485721,5142,609,248
10006486849,5748,687,271
10006488361,4872,574,238
10006488601,5382,647,250
10006488769,5838,714,259
10006490089,4962,603,224
10006490881,5406,675,226
10006491049,5088,589,259
10006491889,4536,505,251
10006491961,5562,677,250
10006492129,5682,672,275
10006495801,5196,583,283
10006497169,5094,635,214
10006498681,5118,585,268
10006499449,4764,565,229
10006500001,4722,540,247
10006500121,5430,656,249
10006500289,4494,519,230
10006501009,6012,752,250
10006502041,5442,634,273
10006503649,5634,666,273
10006506409,4272,480,232
10006507729,4944,581,243
10006508761,5322,629,258
10006512049,5364,623,271
10006512889,4644,535,239
10006514281,5766,646,315
10006514569,4722,554,233
10006515289,5250,635,240
10006515481,5742,655,302
10006517161,5232,626,246
10006517641,4536,520,236
10006517761,5058,590,253
10006517809,5814,741,228
10006517929,5550,649,276
10006519441,5484,650,264
10006519681,3924,437,217
10006521169,4758,565,228
10006523041,5490,665,250
10006523209,4740,564,226
10006523809,4614,562,207
10006524721,4614,545,224
10006525201,4218,483,220
10006525489,4602,564,203
10006526401,3648,425,183
10006527241,5466,618,293
10006527409,7266,849,362
10006528849,5094,602,247
10006529521,5454,677,232
10006529761,5520,646,274
10006531201,5220,611,259
10006531441,4260,507,203
10006531921,4884,558,256
10006532281,5028,546,292
10006533721,5436,658,248
10006533769,5466,638,273
10006533961,6678,786,327
10006534561,4854,558,251
10006534969,5748,676,282
10006535401,6114,689,330
10006537249,5364,659,235
10006540321,5826,686,285
10006540681,5922,685,302
10006540849,5526,636,285
10006541329,6222,744,293
10006542529,5238,676,197
10006543849,4020,456,214
10006544689,5514,654,265
10006544881,5556,627,299
10006545721,5520,666,254
10006546489,5496,666,250
10006547209,6228,723,315
10006547401,6108,730,288
10006548169,5352,631,261
10006549849,5964,688,306
10006549921,5502,644,273
10006550401,4692,552,230
10006550689,5298,642,241
10006552609,5604,647,287
10006554289,4824,572,232
10006555609,5832,698,274
10006556641,5052,576,266
10006557409,4908,568,250
10006557481,5262,651,226
10006558249,5250,613,262
10006558321,4494,539,210
10006558801,7476,877,369
10006559089,5340,645,245
10006560001,4992,568,264
10006560769,5820,684,286
10006561321,4518,522,231
10006562161,5706,680,271
10006562329,4770,560,235
10006562521,5286,624,257
10006563121,3738,422,201
10006563289,5304,607,277
10006564129,7218,890,313
10006564969,4866,549,262
10006566529,4842,554,253
10006567201,4572,523,239
10006568569,5658,636,307
10006568881,4764,572,222
10006570729,4602,563,204
10006571401,5082,594,253
10006571689,4536,545,211
10006571761,5676,690,256
10006572241,4728,533,255
10006572769,5904,722,262
10006573441,5238,613,260
10006574449,4830,579,226
10006574881,4728,574,214
10006575121,4686,552,229
10006576729,6090,729,286
10006577401,5580,639,291
10006577641,4890,580,235
10006578649,5730,666,289
10006579489,4944,559,265
10006579969,4536,542,214
10006580809,5874,709,270
10006580929,5130,617,238
10006581001,5514,643,276
10006583281,6318,744,309
10006583329,5028,561,277
10006584001,5844,673,301
10006584529,5904,748,236
10006586521,4692,572,210
10006586641,5736,660,296
10006586809,6012,741,261
10006587361,4950,569,256
10006588201,5622,668,269
10006588561,9582,1110,487
10006588729,6450,758,317
10006589041,5310,606,279
10006589881,6060,722,288
10006590001,6252,719,323
10006590241,4986,583,248
10006590721,4788,583,215
10006590889,4140,480,210
10006591009,5394,619,280
10006591081,5706,668,283
10006592569,6216,720,316
10006592929,5058,583,260
10006593361,5898,715,268
10006593529,4374,535,194
10006594201,5658,650,293
10006596121,4914,541,278
10006596961,5160,636,224
10006597729,4992,597,235
10006598449,4908,566,252
10006598809,5088,604,244
10006599241,5490,632,283
10006600321,5910,706,279
10006600489,6342,742,315
10006600921,5034,575,264
10006600969,4548,538,220
10006602481,6048,709,299
10006602601,6312,778,274
10006604449,5736,697,259
10006605001,5142,612,245
10006605529,5586,647,284
10006606009,5460,642,268
10006606201,4974,567,262
10006606369,5058,610,233
10006608481,4938,603,220
10006608889,6042,760,247
10006609489,6912,835,317
10006610881,4014,463,206
10006612849,4968,591,237
10006613401,5772,654,308
10006613569,5148,621,237
10006613689,5484,637,277
10006615081,5136,583,273
10006615921,4470,495,250
10006616089,6534,771,318
10006616281,4848,537,271
10006616761,5022,587,250
10006617289,5400,616,284
10006618129,5460,657,253
10006620409,4950,579,246
10006621249,4506,530,221
10006621321,5430,647,258
10006621921,4428,549,189
10006622761,5094,569,280
10006622809,5718,682,271
10006622929,4698,553,230
10006623169,6012,689,313
10006623481,5502,645,272
10006623769,5502,672,245
10006624321,4314,521,198
10006625281,4710,549,236
10006625449,5202,641,226
10006625521,5988,719,279
10006626361,4746,558,233
10006626529,5724,632,322
10006626841,5046,608,233
10006627201,5718,662,291
10006627801,4860,544,266
10006627849,5550,658,267
10006628041,6360,761,299
10006629361,3690,436,179
10006630369,5334,652,237
10006630489,3828,435,203
10006632409,6504,793,291
10006633729,4866,575,236
10006633849,5142,631,226
10006634689,4914,584,235
10006634929,4260,491,219
10006636201,4410,535,200
10006636249,4908,571,247
10006636369,5154,610,249
10006637089,4836,569,237
10006637881,6492,773,309
10006638721,4224,516,188
10006639441,5214,638,231
10006641121,5004,582,252
10006641409,5874,704,275
10006642249,6012,725,277
10006643089,4596,533,233
10006643761,5850,706,269
10006643929,4884,568,246
10006644841,6372,773,289
10006646521,4986,566,265
10006648009,4656,556,220
10006648369,4488,552,196
10006651729,4884,597,217
10006652401,7314,853,366
10006653409,5280,585,295
10006654849,5280,628,252
10006655401,4962,581,246
10006655761,5868,718,260
10006658089,5322,605,282
10006658209,5646,666,275
10006659049,5298,673,210
10006659121,5748,704,254
10006659769,5754,700,259
10006660561,5250,654,221
10006662241,6096,755,261
10006662481,5382,614,283
10006663129,4602,533,234
10006663969,4896,563,253
10006664641,5172,612,250
10006665601,5004,605,229
10006665841,5394,605,294
10006666321,4446,542,199
10006666489,4764,574,220
10006666849,4284,501,213
10006667161,5250,595,280
10006667521,5490,630,285
10006667689,4992,598,234
10006668169,5676,643,303
10006669201,4938,552,271
10006669369,4368,490,238
10006669801,5130,616,239
10006671361,4704,539,245
10006672321,4500,525,225
10006673401,4410,507,228
10006673881,5016,566,270
10006674001,5268,620,258
10006674049,4572,531,231
10006674241,4746,581,210
10006675249,6036,726,280
10006675561,4902,571,246
10006675729,6024,719,285
10006676089,5160,619,241
10006677409,4788,570,228
10006677601,5688,681,267
10006678081,4788,556,242
10006679209,6498,761,322
10006680721,6012,746,256
10006680769,5796,682,284
10006681129,4014,466,203
10006681609,4878,609,204
10006682401,4260,506,204
10006683481,5052,598,244
10006683961,3888,459,189
10006684489,6996,807,359
10006684801,4026,469,202
10006686169,5526,682,239
10006686769,4896,580,236
10006686841,6696,799,317
10006687489,5184,597,267
10006688281,5694,667,282
10006689289,4854,587,222
10006689841,5052,599,243
10006689961,4014,487,182
10006691041,5376,597,299
10006692529,7032,837,335
10006693321,4902,574,243
10006694041,6132,737,285
10006695409,6444,730,344
10006698601,5418,611,292
10006699249,5112,610,242
10006700281,4746,570,221
10006700449,4716,566,220
10006700929,5028,590,248
10006701889,5190,643,222
10006701961,4686,553,228
10006702969,5760,681,279
10006703569,4470,505,240
10006704289,5142,605,252
10006704481,5988,711,287
10006705321,6960,814,346
10006705921,4686,537,244
10006706929,6390,838,227
10006707649,5160,604,256
10006710529,4392,491,241
10006711201,4932,563,259
10006711801,5454,615,294
10006711849,5682,675,272
10006712041,6126,697,324
10006713361,6006,699,302
10006714321,5898,708,275
10006718929,4320,499,221
10006719241,5400,604,296
10006720249,5334,632,257
10006720369,4992,610,222
10006720921,5226,624,247
10006721041,5646,662,279
10006721929,5508,686,232
10006722961,4578,527,236
10006724449,4602,559,208
10006725241,5406,659,242
10006725481,6390,723,342
10006728601,4440,536,204
10006728769,4890,578,237
10006729321,5640,659,281
10006731001,5280,586,294
10006731841,5340,620,270
10006732009,5262,628,249
10006732201,5694,657,292
10006733041,5640,667,273
10006733521,4926,564,257
10006734649,5562,640,287
10006734721,4758,559,234
10006735201,3912,446,206
10006736209,5934,673,316
10006736329,5340,640,250
10006737409,5184,620,244
10006737841,5130,609,246
10006738009,5832,695,277
10006738081,6324,740,314
10006739089,4032,482,190
10006739761,5058,600,243
10006741081,5460,635,275
10006742209,5226,642,229
10006742281,4644,529,245
10006743289,4518,550,203
10006746121,4950,571,254
10006746289,5772,718,244
10006747969,4716,570,216
10006748761,4818,613,190
10006749001,5280,605,275
10006750009,4800,544,256
10006751449,4920,582,238
10006752001,4452,506,236
10006752361,5034,601,238
10006754521,3822,439,198
10006755049,5988,692,306
10006755481,5874,700,279
10006755529,5826,720,251
10006756369,5364,629,265
10006756489,5460,664,246
10006757161,6234,710,329
10006757881,5406,659,242
10006758001,5394,649,250
10006758169,5844,671,303
10006759561,6012,725,277
10006759681,5616,686,250
10006760089,5916,672,314
10006760521,4680,556,224
10006761361,3534,378,211
10006761769,4806,533,268
10006763881,5058,581,262
10006764289,4680,536,244
10006764769,4254,490,219
10006765729,4608,538,230
10006766401,4974,595,234
10006768081,5370,634,261
10006769329,6918,786,367
10006770649,5742,694,263
10006771321,5370,592,303
10006771681,4680,528,252
10006772521,5586,656,275
10006773169,5748,642,316
10006773961,5292,647,235
10006774849,4884,559,255
10006774969,4374,503,226
10006776649,4494,545,204
10006777321,5424,635,269
10006777369,5574,650,279
10006778161,5328,634,254
10006778209,5088,615,233
10006778401,5088,593,255
10006778569,5610,660,275
10006779721,4494,528,221
10006780249,5466,631,280
10006780681,6030,739,266
10006780921,5448,635,273
10006781569,5244,656,218
10006781761,5298,605,278
10006782241,4338,496,227
10006785121,5940,722,268
10006785289,5286,628,253
10006786129,5508,665,253
10006786561,5742,685,272
10006786969,5820,685,285
10006787449,7488,962,286
10006788289,3888,457,191
10006788481,5490,615,300
10006789249,4962,595,232
10006789321,4662,553,224
10006790809,4440,531,209
10006790929,4608,525,243
10006791841,5418,646,257
10006792009,4836,589,217
10006792489,4458,529,214
10006793161,4830,534,271
10006793281,4632,514,258
10006794289,5550,667,258
10006795681,4170,459,236
10006795849,5352,628,264
10006797049,5688,704,244
10006797721,5568,630,298
10006798201,5442,635,272
10006798561,4170,486,209
10006799041,5076,604,242
10006799161,5130,627,228
10006799329,5184,610,254
10006800721,4866,567,244
10006800841,5160,636,224
10006801081,5358,615,278
10006801921,5088,596,252
10006802521,4986,594,237
10006802761,4896,578,238
10006803409,5526,669,252
10006803601,5334,605,284
10006804369,4956,566,260
10006805089,5136,615,241
10006806721,5208,611,257
10006806889,5226,612,259
10006807441,5604,680,254
10006807561,4242,481,226
10006807969,5028,576,262
10006808281,5802,670,297
10006808569,5442,656,251
10006809481,6390,750,315
10006809961,4146,491,200
10006810081,5220,628,242
10006811809,5196,600,266
10006811929,5718,675,278
10006812769,7200,879,321
10006813009,5406,630,271
10006813441,3516,415,171
10006813681,5034,620,219
10006814449,4146,496,195
10006815001,5538,636,287
10006815121,5658,660,283
10006817209,5694,645,304
10006817641,7122,891,296
10006818049,5994,723,276
10006818721,4896,568,248
10006819729,5010,593,242
10006820401,5268,662,216
10006820569,5304,610,274
10006821001,5136,616,240
10006822249,4800,555,245
10006822849,4596,544,222
10006823401,5982,640,357
10006824241,5124,603,251
10006825369,5976,707,289
10006826209,5562,685,242
10006827889,6174,756,273
10006828441,4386,508,223
10006829641,5118,620,233
10006831801,4764,559,235
10006831921,5454,639,270
10006834009,5688,685,263
10006835329,5046,588,253
10006838209,4992,601,231
10006838521,4494,487,262
10006839361,4824,553,251
10006841041,5292,643,239
10006841161,4980,601,229
10006841209,4722,542,245
10006841329,4944,607,217
10006842049,5268,621,257
10006842721,5892,693,289
10006846921,5088,576,272
10006847041,3774,436,193
10006847449,5028,587,251
10006848121,4260,464,246
10006848961,5052,595,247
10006849129,4692,553,229
10006849609,4596,560,206
10006850449,5964,724,270
10006851241,4956,592,234
10006851649,5112,604,248
10006854001,4902,578,239
10006854769,4950,581,244
10006854841,3204,363,171
10006855489,5304,633,251
10006857121,5568,642,286
10006857529,5682,670,277
10006858369,6264,743,301
10006858681,5502,704,213
10006858969,5400,601,299
10006859689,5076,575,271
10006860889,5280,600,280
10006862209,4386,501,230
10006862329,4764,544,250
10006863049,4560,540,220
10006863409,4380,515,215
10006863721,5502,616,301
10006864009,5778,711,252
10006864249,6048,708,300
10006864561,4944,569,255
10006865761,5364,622,272
10006866769,5088,576,272
10006867081,5106,570,281
10006867201,5496,663,253
10006867609,5550,633,292
10006870129,4920,591,229
10006870609,5904,701,283
10006872241,4746,562,229
10006872289,6042,727,280
10006874089,5886,674,307
10006874161,4974,602,227
10006874809,5448,634,274
10006875841,4968,588,240
10006877281,5442,649,258
10006877521,4530,558,197
10006878841,5184,618,246
10006879969,5508,658,260
10006880809,5568,629,299
10006881481,4056,465,211
10006881529,4890,596,219
10006881721,4578,546,217
10006884001,4644,516,258
10006884409,7782,893,404
10006884721,5610,665,270
10006886569,4110,476,209
10006886761,4974,547,282
10006887601,5532,629,293
10006889041,5700,701,249
10006890121,6528,766,322
10006890889,4368,518,210
10006890961,4470,524,221
10006892809,5022,573,264
10006893121,5226,586,285
10006893241,7446,889,352
10006893649,4776,526,270
10006896169,4434,517,222
10006896481,5364,643,251
10006898329,6312,740,312
10006898689,6426,771,300
10006900129,6918,849,304
10006900681,5772,677,285
10006901041,5274,620,259
10006902481,4854,550,259
10006902649,6438,765,308
10006904329,4314,512,207
10006905049,5154,625,234
10006905409,5988,724,274
10006906249,5262,629,248
10006906729,5646,689,252
10006906849,5160,595,265
10006907401,4962,560,267
10006908409,5394,617,282
10006909201,5640,644,296
10006909441,4806,548,253
10006911121,4470,501,244
10006911721,3690,448,167
10006912801,6156,746,280
10006914409,5634,657,282
10006914961,5634,642,297
10006917841,5346,644,247
10006919161,6474,719,360
10006920529,4326,504,217
10006920841,4272,526,186
10006921129,6072,712,300
10006923049,5286,620,261
10006924201,5166,607,254
10006924321,4632,549,223
10006924729,5544,643,281
10006925161,5832,670,302
10006926001,5028,588,250
10006926409,7140,838,352
10006927921,4830,548,257
10006929601,4464,528,216
10006930249,4980,571,259
10006930369,6060,738,272
10006931881,5712,665,287
10006931929,5172,591,271
10006932769,4422,535,202
10006933801,5178,586,277
10006934449,5292,625,257
10006935241,4356,497,229
10006936969,5142,593,264
10006937329,4488,521,227
10006937641,5076,589,257
10006938001,5970,686,309
10006938649,4488,530,218
10006939849,4146,485,206
10006940161,4800,563,237
10006941169,6024,711,293
10006941961,4068,483,195
10006942369,5124,641,213
10006943209,6000,708,292
10006943689,6324,737,317
10006945561,5868,712,266
10006947241,5778,684,279
10006947409,7092,854,328
10006947889,4968,572,256
10006949929,5526,656,265
10006951921,4902,577,240
10006953721,5982,709,288
10006954729,5604,653,281
10006954801,7146,851,340
10006955641,5580,647,283
10006955809,5916,681,305
10006956649,5136,588,268
10006957249,4380,495,235
10006957489,5448,626,282
10006959481,5394,629,270
10006959649,5022,590,247
10006959769,4176,503,193
10006959841,5160,617,243
10006960609,5814,710,259
10006960849,6990,852,313
10006961329,4458,489,254
10006962001,4752,558,234
10006962289,4026,460,211
10006962529,5154,580,279
10006963009,5736,643,313
10006964521,4560,539,221
10006964809,5268,619,259
10006965361,6192,709,323
10006965481,5994,688,311
10006967161,4050,470,205
10006967881,4020,463,207
10006968721,4314,517,202
10006968841,4614,544,225
10006968889,5628,671,267
10006969249,5394,638,261
10006969681,4638,536,237
10006969729,4494,546,203
10006970089,4716,554,232
10006971241,4662,539,238
10006972249,5682,645,302
10006973209,4668,562,216
10006974961,4512,513,239
10006975729,4482,528,219
10006976281,6288,716,332
10006976401,5676,661,285
10006976569,6240,782,258
10006977649,4968,581,247
10006978321,5202,615,252
10006979809,5886,702,279
10006980169,6324,733,321
10006980649,5208,609,259
10006982281,4926,552,269
10006985041,4686,543,238
10006985881,6132,725,297
10006986049,4662,533,244
10006986721,5508,672,246
10006987369,5664,670,274
10006987561,4230,500,205
10006988161,4608,584,184
10006989001,5382,617,280
10006989409,5946,688,303
10006989841,5568,636,292
10006990249,4038,471,202
10006990561,4278,498,215
10006993609,5718,683,270
10006993921,4254,488,221
10006994089,6024,702,302
10006994929,5100,617,233
10006995049,5250,587,288
10006995289,5598,673,260
10006995721,4542,528,229
10006995961,4620,552,218
10006996609,3996,447,219
10006998241,5610,654,281
10006998481,5424,632,272
10006998649,5706,693,258
10006999129,6588,754,344
10007000761,5400,619,281
10007000929,4488,534,214
10007001649,4878,589,224
10007002849,4794,557,242
10007003161,4302,489,228
10007005201,4524,545,209
10007005849,4086,495,186
10007006209,6114,718,301
10007006521,4890,587,228
10007006641,4728,559,229
10007006809,6090,729,286
10007007529,5712,693,259
10007008489,5202,601,266
10007008729,4764,578,216
10007009041,5448,653,255
10007009209,6156,725,301
10007010841,4968,586,242
10007011681,5784,645,319
10007012089,5430,633,272
10007012401,4134,483,206
10007013241,5328,647,241
10007015041,4764,548,246
10007015089,6258,769,274
10007015929,3804,437,197
10007016769,5526,661,260
10007018569,5616,669,267
10007019409,4476,509,237
10007020129,5802,688,279
10007020321,4920,586,234
10007020801,5196,605,261
10007021161,6366,754,307
10007022601,3810,455,180
10007023009,5262,599,278
10007023849,6090,746,269
10007024689,6072,679,333
10007025529,7020,829,341
10007026129,5532,644,278
10007028649,4794,577,222
10007028721,5940,689,301
10007029561,4806,564,237
10007032561,4878,589,224
10007032681,5046,589,252
10007032921,5982,714,283
10007033521,5538,665,258
10007034601,6306,752,299
10007035369,5634,674,265
10007036089,5814,702,267
10007036449,5004,572,262
10007037049,5034,597,242
10007039281,5328,621,267
10007040649,5670,621,324
10007040961,5202,604,263
10007041129,5946,692,299
10007042161,5460,622,288
10007043001,5634,676,263
10007043169,7044,839,335
10007044009,6240,711,329
10007047009,4764,581,213
10007047801,5094,609,240
10007048209,4812,567,235
10007049049,4320,482,238
10007049361,4800,577,223
10007049529,4488,544,204
10007049889,4902,550,267
10007051161,4896,560,256
10007052049,4338,511,212
10007052889,5388,628,270
10007053561,4680,566,214
10007053681,4392,500,232
10007054569,5148,633,225
10007054689,5640,657,283
10007054929,5208,603,265
10007055241,5676,689,257
10007055529,4800,554,246
10007056201,5058,582,261
10007057449,5364,640,254
10007058121,5184,607,257
10007058289,6288,754,294
10007058889,5508,639,279
10007059801,5364,646,248
10007060449,4104,473,211
10007060641,5160,629,231
10007062921,5352,622,270
10007063641,4020,464,206
10007063761,6102,716,301
10007064649,5706,706,245
10007065681,6540,802,288
10007067121,6366,742,319
10007068969,4992,588,244
10007069041,4512,532,220
10007069209,5028,610,228
10007069689,5598,689,244
10007070649,4956,615,211
10007070721,7014,815,354
10007071729,6414,780,289
10007072401,5484,684,230
10007073049,4548,524,234
10007074729,5916,730,256
10007075521,3666,421,190
10007077921,4896,563,253
10007079289,5274,615,264
10007079721,5754,710,249
10007079889,4752,561,231
10007080129,5250,641,234
10007081641,5706,681,270
10007081809,4596,528,238
10007084089,5364,643,251
10007084641,5100,603,247
10007084809,5706,667,284
10007084929,6186,753,278
10007086009,5670,714,231
10007086321,4476,528,218
10007087161,5664,645,299
10007088121,4548,529,229
10007090209,5502,650,267
10007091529,5064,610,234
10007092201,5424,658,246
10007094169,7062,848,329
10007096401,4872,541,271
10007097361,5784,669,295
10007098249,4788,579,219
10007099881,5016,592,244
10007100721,6228,757,281
10007100769,5142,580,277
10007102401,5304,671,213
10007103121,4302,527,190
10007103241,4860,563,247
10007103409,5262,630,247
10007103961,4956,616,210
10007105089,5796,687,279
10007105161,4422,505,232
10007105761,4686,512,269
10007105929,5514,700,219
10007106481,4926,586,235
10007107441,4392,496,236
10007107849,4662,549,228
10007108281,4128,493,195
10007108521,5604,668,266
10007109001,6108,741,277
10007109289,4752,584,208
10007109961,5634,658,281
10007112721,5364,626,268
10007113489,5430,639,266
10007114329,4590,516,249
10007114569,6504,747,337
10007115049,5502,631,286
10007115409,5916,687,299
10007116849,5556,659,267
10007117089,6348,743,315
10007117401,5178,593,270
10007117761,3810,460,175
10007118361,5172,627,235
10007118409,5556,630,296
10007118529,5148,588,270
10007119081,7050,838,337
10007120041,4002,464,203
10007121049,6054,732,277
10007122441,4566,527,234
10007123449,4650,548,227
10007123569,4974,589,240
10007123809,5472,670,242
10007124289,5610,660,275
10007124961,5424,646,258
10007125129,4824,563,241
10007125321,5538,679,244
10007125489,4536,542,214
10007127769,5862,745,232
10007128009,5448,654,254
10007128849,5568,676,252
10007129281,5622,698,239
10007129449,5082,601,246
10007131201,4926,554,267
10007131369,5346,613,278
10007131681,4584,495,269
10007131969,5202,630,237
10007133049,5418,611,292
10007133889,5466,624,287
10007134321,6282,735,312
10007135041,5352,649,243
10007135161,3972,467,195
10007136001,4974,563,266
10007136409,6390,742,323
10007136721,4416,493,243
10007137009,5748,689,269
10007138521,4968,631,197
10007138929,6504,798,286
10007139409,5016,599,237
10007140201,4860,571,239
10007142601,4062,454,223
10007143441,4260,506,204
10007144281,4728,547,241
10007144569,5070,604,241
10007145121,4176,468,228
10007145961,5232,619,253
10007146129,6612,786,316
10007146489,5808,714,254
10007146801,4932,575,247
10007147641,6636,793,313
10007148601,5316,619,267
10007149489,5022,565,272
10007149849,5814,698,271
10007150161,5922,735,252
10007150689,6000,705,295
10007151001,3912,415,237
10007151361,4548,527,231
10007151529,4872,578,234
10007152681,4968,577,251
10007152801,5748,704,254
10007153041,4656,544,232
10007153809,4974,582,247
10007154481,4260,488,222
10007154529,4890,577,238
10007154889,4680,541,239
10007156041,4968,569,259
10007157001,5748,686,272
10007157889,4278,533,180
10007158729,5652,664,278
10007161249,5688,673,275
10007163121,5472,680,232
10007163769,5352,640,252
10007163961,4296,529,187
10007164129,4326,498,223
10007166649,4626,548,223
10007167321,4800,544,256
10007167801,6072,725,287
10007168089,5610,658,277
10007168329,5166,620,241
10007169001,4308,483,235
10007169841,5034,590,249
10007170321,5292,615,267
10007170609,5136,635,221
10007172001,3996,498,168
10007172289,4290,492,223
10007173009,5328,621,267
10007173129,7110,909,276
10007174641,5784,717,247
10007175049,5184,637,227
10007175361,4788,561,237
10007175649,5508,657,261
10007175889,7392,869,363
10007176369,5634,673,266
10007176489,5808,684,284
10007176561,5358,629,264
10007177209,4476,529,217
10007179009,3918,462,191
10007179681,6030,716,289
10007179849,5388,645,253
10007181241,5580,651,279
10007181361,4254,479,230
10007183209,4638,533,240
10007183761,5394,687,212
10007184601,5808,707,261
10007184721,5280,620,260
10007184961,5376,647,249
10007185561,5028,624,214
10007186401,4296,494,222
10007186569,5094,624,225
10007188801,5850,688,287
10007188921,5256,602,274
10007189161,5292,593,289
10007189641,4584,537,227
10007189809,5052,587,255
10007190481,5184,610,254
10007190841,5214,604,265
10007191609,4290,505,210
10007192449,5808,717,251
10007193169,4860,587,223
10007194201,5028,607,231
10007194801,4596,539,227
10007196481,5220,570,300
10007196889,5376,618,278
10007197201,3978,440,223
10007197561,4914,581,238
10007197729,4380,524,206
10007198161,5544,654,270
10007198209,5442,643,264
10007199841,4956,626,200
10007200081,4824,596,208
10007201401,4596,529,237
10007201689,5244,613,261
10007202241,5358,628,265
10007203249,4806,585,216
10007203369,4578,526,237
10007204281,4812,555,247
10007206129,7542,895,362
10007206609,4674,554,225
10007207401,4716,530,256
10007208481,5358,622,271
10007209489,4734,560,229
10007209969,4092,457,225
10007211481,4392,509,223
10007211601,5316,638,248
10007212609,4344,533,191
10007212681,5052,580,262
10007212849,6066,763,248
10007213449,6240,732,308
10007213521,6138,731,292
10007215129,5346,593,298
10007215201,4176,466,230
10007216521,4464,507,237
10007217529,4920,614,206
10007218201,5586,664,267
10007218369,5406,624,277
10007218561,5676,687,259
10007219401,5310,634,251
10007220241,5388,648,250
10007220889,5400,627,273
10007221009,5826,723,248
10007221249,4692,521,261
10007221561,5466,627,284
10007221681,5094,609,240
10007221729,4704,561,223
10007222521,5424,655,249
10007223361,5538,642,281
10007224081,4584,544,220
10007224921,4002,458,209
10007225209,6606,810,291
10007225929,4950,581,244
10007226049,5460,647,263
10007226769,5208,644,224
10007227969,5196,648,218
10007228281,5442,692,215
10007229289,5646,687,254
10007229649,4854,562,247
10007230921,5112,610,242
10007230969,6144,725,299
10007231089,4974,572,257
10007231929,5580,650,280
10007233321,5694,686,263
10007233441,5418,628,275
10007234329,4788,543,255
10007234521,4806,594,207
10007235289,5958,708,285
10007236009,3852,459,183
10007236969,5304,632,252
10007237521,4884,582,232
10007237881,4296,526,190
10007238721,5850,704,271
10007241721,4758,577,216
10007242849,4872,569,243
10007243569,5364,632,262
10007244241,4536,514,242
10007244601,4386,519,212
10007246209,4764,586,208
10007248561,5088,598,250
10007248729,4500,524,226
10007248969,4914,576,243
10007249401,5196,619,247
10007249449,6510,789,296
10007249809,7584,886,378
10007251489,4164,476,218
10007252809,4968,557,271
10007253001,4728,528,260
10007253601,4734,559,230
10007253649,5442,620,287
10007253769,6558,739,354
10007254441,5190,635,230
10007255161,5214,632,237
10007255329,4608,559,209
10007255689,8334,1009,380
10007256169,5052,581,261
10007256361,4584,543,221
10007256529,5328,639,249
10007256841,5622,655,282
10007257369,6588,802,296
10007257681,5088,565,283
10007257849,6696,732,384
10007258689,5964,687,307
10007258809,4458,535,208
10007258881,3300,386,164
10007259529,4626,528,243
10007260201,3606,421,180
10007260729,5460,668,242
10007261041,6756,824,302
10007261401,5652,647,295
10007265361,5310,627,258
10007265529,5124,637,217
10007266081,6198,746,287
10007266201,5070,578,267
10007266249,5580,683,247
10007266441,6810,801,334
10007267761,5460,643,267
10007269561,5064,580,264
10007270641,4350,525,200
10007271121,3732,403,219
10007272321,6552,759,333
10007274481,4872,576,236
10007275441,5160,626,234
10007275489,4458,509,234
10007275609,4512,523,229
10007275849,5544,609,315
10007276161,3558,429,164
10007276281,6006,723,278
10007277961,4962,605,222
10007278129,4410,524,211
10007280649,5508,662,256
10007280721,4542,565,192
10007281201,4602,538,229
10007281321,4914,594,225
10007281369,5382,656,241
10007281729,4932,585,237
10007282569,5130,592,263
10007283241,6288,749,299
10007283409,6822,794,343
10007284081,5250,655,220
10007284849,4428,503,235
10007285089,4650,542,233
10007285689,4968,596,232
10007286409,5208,648,220
10007290609,4272,501,211
10007290801,4344,522,202
10007292121,5982,697,300
10007292961,5460,641,269
10007293129,4572,527,235
10007293921,4734,548,241
10007293969,4866,561,250
10007294329,5682,687,260
10007295841,5358,592,301
10007296489,4968,599,229
10007296609,5388,631,267
10007297161,4356,508,218
10007297329,5682,660,287
10007298289,5370,613,282
10007299801,5070,578,267
10007300041,5706,680,271
10007300521,4374,537,192
10007302561,4410,513,222
10007302729,6342,790,267
10007303881,4626,529,242
10007304409,5268,638,240
10007304721,5394,631,268
10007304841,6210,759,276
10007305249,6168,774,254
10007307529,5928,708,280
10007307769,4884,539,275
10007309089,4938,565,258
10007309449,5826,678,293
10007309881,5160,629,231
10007309929,4356,506,220
10007310289,4248,502,206
10007310961,5742,709,248
10007311969,6096,729,287
10007312641,4710,543,242
10007313241,4656,532,244
10007313289,6198,708,325
10007315641,4500,539,211
10007316601,5274,611,268
10007316841,5874,657,322
10007317849,4836,553,253
10007319121,5832,650,322
10007320009,5154,614,245
10007320681,4734,559,230
10007320849,5088,594,254
10007322049,5340,637,253
10007322649,6096,718,298
10007323201,5250,622,253
10007323321,5952,712,280
10007323369,6198,771,262
10007323489,4878,563,250
10007324881,5016,591,245
10007325169,5322,622,265
10007326009,4824,573,231
10007326081,5700,667,283
10007326921,4980,566,264
10007327089,6078,698,315
10007327401,4602,551,216
10007329081,4470,530,215
10007329609,4932,571,251
10007329921,4878,526,287
10007331121,6924,830,324
10007331769,5130,606,249
10007332609,5370,646,249
10007334481,5178,617,246
10007335249,5466,656,255
10007337001,5070,595,250
10007338441,4560,540,220
10007338489,4284,506,208
10007339521,5298,616,267
10007340001,4212,512,190
10007340169,5718,694,259
10007340961,5232,649,223
10007341369,4578,546,217
10007341801,4698,526,257
10007343721,5154,626,233
10007346841,5034,583,256
10007347849,5436,656,250
10007347921,4740,519,271
10007348521,5160,585,275
10007348929,4680,565,215
10007349361,5232,607,265
10007349409,6414,785,284
10007349769,6078,681,332
10007351881,5430,653,252
10007352721,4980,568,262
10007353801,5388,630,268
10007353969,6156,704,322
10007355121,4938,571,252
10007355649,4944,588,236
10007357089,5730,690,265
10007358649,6402,743,324
10007359441,5280,625,255
10007359849,5070,590,255
10007360521,4236,501,205
10007360689,5448,650,258
10007361121,5916,698,288
10007361289,5130,638,217
10007362009,5448,634,274
10007363521,4302,502,215
10007363809,5442,629,278
10007363881,5874,702,277
10007364361,6300,762,288
10007364481,4404,479,255
10007364529,6678,800,313
10007367049,4806,571,230
10007368849,4458,531,212
10007369089,5886,720,261
10007369569,4926,600,221
10007369689,4584,524,240
10007370361,5556,642,284
10007370601,5184,602,262
10007371441,5190,608,257
10007373121,4926,563,258
10007373721,4368,503,225
10007374441,6378,737,326
10007375401,4944,580,244
10007376121,5100,615,235
10007376241,5370,645,250
10007377321,4878,599,214
10007377969,5856,684,292
10007378761,4416,532,204
10007379601,6138,741,282
10007381689,6234,697,342
10007382169,5496,647,269
10007382361,5670,645,300
10007384209,4926,596,225
10007384521,4806,556,245
10007385049,4866,572,239
10007385361,4530,531,224
10007386321,4692,528,254
10007386369,6132,749,273
10007387041,4374,495,234
10007388169,4704,594,190
10007388889,5286,641,240
10007390089,4338,515,208
10007391529,4560,521,239
10007393089,5238,607,266
10007393881,4530,534,221
10007394769,4812,566,236
10007394961,5526,615,306
10007395609,5694,619,330
10007396449,4980,617,213
10007398129,5298,630,253
10007399089,5508,631,287
10007400001,5946,701,290
10007400769,5094,588,261
10007401321,5082,587,260
10007401609,4608,528,240
10007401681,5022,602,235
10007402329,6132,740,282
10007402521,6078,746,267
10007403001,5136,609,247
10007403361,4344,504,220
10007403529,6282,754,293
10007403841,5460,636,274
10007404369,5394,602,297
10007405641,4140,475,215
10007406361,4602,513,254
10007408161,4578,550,213
10007408329,5574,673,256
10007409889,6510,731,354
10007412361,4914,589,230
10007413081,5250,623,252
10007414281,5556,659,267
10007415889,5364,623,271
10007418241,5334,636,253
10007418649,5190,619,246
10007419129,5214,602,267
10007419921,5886,678,303
10007420161,5382,652,245
10007420329,4098,465,218
10007421769,4260,485,225
10007423281,5952,729,263
10007423449,3774,457,172
10007423521,5220,591,279
10007424121,6066,744,267
10007424169,6720,792,328
10007424961,4440,530,210
10007425201,6390,794,271
10007427361,4686,559,222
10007429161,5556,657,269
10007429209,4674,545,234
10007429401,5358,632,261
10007430889,4392,482,250
10007431849,5274,618,261
10007432569,5184,601,263
10007433769,5808,698,270
10007434369,3690,413,202
10007435761,5178,614,249
10007436289,5496,632,284
10007436721,5568,617,311
10007437969,4824,571,233
10007440081,4176,493,203
10007440969,5124,616,238
10007442001,6048,710,298
10007443009,5778,651,312
10007443321,4596,535,231
10007443441,5298,645,238
10007443489,5052,606,236
10007443609,5052,589,253
10007444449,5232,619,253
10007447209,5622,694,243
10007447521,5268,629,249
10007447641,4074,469,210
10007448721,4914,560,259
10007450881,4794,541,258
10007451169,4728,573,215
10007451889,6000,726,274
10007452681,4506,506,245
10007452729,5232,592,280
10007453761,5790,691,274
10007454529,7092,892,290
10007455369,6882,808,339
10007455441,5520,627,293
10007456209,4638,556,217
10007456761,4146,475,216
10007457121,5028,589,249
10007457289,5952,677,315
10007458729,5664,660,284
10007459281,4164,487,207
10007459641,4656,526,250
10007461081,4902,568,249
10007462761,5532,656,266
10007462929,5130,609,246
10007463841,5202,615,252
10007464009,4350,499,226
10007464321,4848,587,221
10007465329,4350,500,225
10007466169,5148,610,248
10007467681,5100,580,270
10007467801,5550,640,285
10007468041,5874,696,283
10007468209,4956,588,238
10007469481,4260,482,228
10007470321,3948,473,185
10007471401,5334,622,267
10007473009,6162,733,294
10007473081,5202,604,263
10007473849,5634,671,268
10007474569,4992,582,250
10007474761,5850,676,299
10007475601,5250,630,245
10007476201,5556,694,232
10007476441,4782,564,233
10007477929,4914,584,235
10007478289,4884,576,238
10007478721,5112,610,242
10007479441,4794,520,279
10007479609,4098,500,183
10007480401,6078,687,326
10007480569,6324,763,291
10007482489,5670,656,289
10007483089,6336,751,305
10007484001,4842,549,258
10007484481,4884,587,227
10007484649,5412,642,260
10007485009,4752,565,227
10007486521,5484,647,267
10007486689,6258,721,322
10007487001,5592,634,298
10007489209,5388,629,269
10007491489,5346,625,266
10007492161,6030,725,280
10007492329,6618,763,340
10007494249,5082,620,227
10007494561,4530,520,235
10007494681,5784,684,280
10007495761,4752,551,241
10007496529,7164,845,349
10007497609,5058,578,265
10007498041,5592,677,255
10007499121,4404,519,215
10007499721,6312,787,265
10007500801,5070,572,273
10007501281,6336,762,294
10007502649,4704,552,232
10007503489,4812,577,225
10007508361,4782,551,246
10007509009,4146,478,213
10007510209,6540,776,314
10007510521,4320,514,206
10007511649,5394,637,262
10007511889,5100,637,213
10007512201,4074,482,197
10007512561,4980,585,245
10007513041,5154,638,221
10007513209,5832,682,290
10007514001,3834,457,182
10007514721,3936,448,208
10007515009,5340,643,247
10007517241,4938,584,239
10007517769,7332,913,309
10007520121,5106,615,236
10007522809,6834,832,307
10007523121,5004,583,251
10007524081,4704,564,220
10007524321,4848,560,248
10007524489,4542,546,211
10007524801,5370,636,259
10007525089,4782,595,202
10007525641,4560,535,225
10007525761,4176,495,201
10007525809,5118,587,266
10007526601,5286,630,251
10007526649,5814,684,285
10007527489,5988,715,283
10007528161,4422,519,218
10007528281,5232,618,254
10007529001,5112,589,263
10007529289,3654,410,199
10007529529,5424,645,259
10007529841,4134,495,194
10007530849,5736,664,292
10007530969,5208,603,265
10007531881,4692,542,240
10007532529,4632,537,235
10007532721,5778,670,293
10007533201,5772,662,300
10007533369,5352,622,270
10007533489,6000,716,284
10007533561,4560,520,240
10007533729,6768,807,321
10007536729,4686,547,234
10007536921,6048,724,284
10007537929,4452,526,216
10007538769,5916,723,263
10007540089,6654,785,324
10007541289,5766,679,282
10007541769,5070,614,231
10007543281,4434,518,221
10007543449,5256,624,252
10007546161,5556,665,261
10007547169,4344,495,229
10007548609,5010,582,253
10007549161,4596,546,220
10007549449,5862,687,290
10007549689,4596,547,219
10007550001,4974,593,236
10007550841,4938,564,259
10007550961,5046,576,265
10007551129,6732,861,261
10007551201,4932,600,222
10007551369,6318,769,284
10007552641,4302,494,223
10007552881,5898,692,291
10007554369,4764,559,235
10007554489,5754,657,302
10007555209,5688,701,247
10007555401,4596,567,199
10007555881,5628,728,210
10007556049,5226,587,284
10007557561,3804,446,188
10007558089,5478,661,252
10007559241,3942,444,213
10007559769,5778,691,272
10007560441,5172,647,215
10007560921,5364,638,256
10007562769,4920,565,255
10007563129,4170,486,209
10007563441,6654,800,309
10007563729,5346,652,239
10007564401,4968,564,264
10007565241,4920,571,249
10007565289,5892,692,290
10007565649,5754,670,289
10007565961,6006,703,298
10007566081,5538,637,286
10007566801,5328,629,259
10007567161,4500,535,215
10007567641,4950,565,260
10007567809,6330,749,306
10007567929,4866,578,233
10007568601,5346,655,236
10007569441,4416,511,225
10007569681,5706,682,269
10007569849,6240,741,299
10007570329,4374,490,239
10007571289,4074,468,211
10007571841,5364,696,198
10007572129,4188,503,195
10007572969,5118,574,279
10007574361,5472,622,290
10007574529,6618,804,299
10007576329,5742,669,288
10007577169,5694,677,272
10007578081,6720,803,317
10007578681,4878,525,288
10007579689,4908,557,261
10007579761,5178,616,247
10007580769,5166,619,242
10007581081,5046,561,280
10007581201,5214,609,260
10007582041,5280,624,256
10007584129,6276,752,294
10007584729,7482,918,329
10007585569,5208,592,276
10007588329,4956,600,226
10007588641,4938,582,241
10007589001,4284,487,227
10007590441,4830,587,218
10007591329,5940,658,332
10007592841,4554,525,234
10007593009,6312,744,308
10007594041,4656,553,223
10007594209,6210,774,261
10007595361,3642,419,188
10007595721,5994,730,269
10007597161,4038,477,196
10007597209,4104,480,204
10007597569,5250,639,236
10007598841,4566,521,240
10007599249,4782,553,244
10007600089,5568,643,285
10007600569,5226,621,250
10007600689,5616,642,294
10007600929,5706,641,310
10007602609,4434,537,202
10007603929,5328,631,257
10007604601,5556,646,280
10007604889,5286,589,292
10007607241,4686,553,228
10007609761,4758,580,213
10007610649,4806,583,218
10007611681,4332,491,231
10007612449,5160,574,286
10007612521,5616,665,271
10007613001,5226,625,246
10007613169,4836,601,205
10007613841,5100,597,253
10007615521,5526,651,270
10007615881,4788,570,228
10007616361,4998,604,229
10007616529,4326,488,233
10007617369,5646,692,249
10007619241,4914,598,221
10007621089,6042,657,350
10007621401,7254,855,354
10007623201,4110,474,211
10007623609,6174,744,285
10007623921,4164,504,190
10007624089,4632,511,261
10007624281,4578,516,247
10007625601,4056,465,211
10007625721,4800,577,223
10007625889,5298,600,283
10007626129,5616,655,281
10007627401,5202,604,263
10007627809,4674,536,243
10007629129,4896,553,263
10007629249,4758,559,234
10007629969,5730,674,281
10007630761,6186,739,292
10007631481,3978,459,204
10007631649,6900,859,291
10007631841,4020,466,204
10007632681,4920,563,257
10007633329,4734,544,245
10007634361,7014,847,322
10007634841,4794,569,230
10007635009,4602,571,196
10007636209,4488,512,236
10007636641,5046,604,237
10007636809,5616,632,304
10007637361,5970,694,301
10007637481,5352,619,273
10007638321,5466,628,283
10007638369,4116,491,195
10007639041,4110,479,206
10007639401,4182,483,214
10007640169,6372,775,287
10007641081,5226,618,253
10007641561,7062,812,365
10007642761,5442,656,251
10007643241,5082,623,224
10007643769,5730,676,279
10007644921,5592,681,251
10007645881,5550,662,263
10007648449,5682,685,262
10007648809,5850,674,301
10007649241,5826,654,317
10007649409,5586,650,281
10007649649,10206,1144,557
10007650801,4014,492,177
10007652481,4506,524,227
10007653489,7146,828,363
10007653849,4956,580,246
10007654161,5976,720,276
10007655289,5178,596,267
10007656129,5280,687,193
10007658721,4632,536,236
10007659729,4992,579,253
10007660161,6312,719,333
10007660401,5310,642,243
10007660569,5010,581,254
10007661049,4332,496,226
10007661409,5688,671,277
10007661841,4722,578,209
10007663401,4686,557,224
10007663569,4758,568,225
10007664529,5700,657,293
10007665081,5946,708,283
10007666209,5874,702,277
10007666281,5496,668,248
10007666761,3852,450,192
10007667121,4572,546,216
10007667889,5526,670,251
10007669281,4440,539,201
10007669401,4950,583,242
10007669641,5736,653,303
10007670289,5412,660,242
10007671249,4092,479,203
10007671321,5808,726,242
10007672641,4722,571,216
10007672809,4896,586,230
10007673001,5310,661,224
10007673601,3756,455,171
10007673649,4500,511,239
10007673769,4452,525,217
10007674321,6072,756,256
10007674441,7680,1030,250
10007674849,5286,616,265
10007676169,5166,611,250
10007678809,5346,648,243
10007681161,5010,584,251
10007681401,4938,560,263
10007682409,5262,631,246
10007683849,5112,595,257
10007684521,5106,630,221
10007685361,5682,668,279
10007685601,6090,702,313
10007685769,6678,822,291
10007686201,5622,654,283
10007686921,4566,545,216
10007687881,4662,549,228
10007688601,3960,465,195
10007688961,4350,495,230
10007689729,4860,571,239
10007690281,5586,658,273
10007690449,4146,477,214
10007690569,5184,620,244
10007691289,5586,654,277
10007691409,4122,462,225
10007692249,6216,767,269
10007692801,5694,670,279
10007693329,4182,495,202
10007694481,5322,629,258
10007696689,3996,471,195
10007697529,6516,781,305
10007698201,4722,586,201
10007699641,4530,531,224
10007702161,4332,525,197
10007702329,4068,474,204
10007703889,5922,627,360
10007707081,4890,589,226
10007707609,4356,497,229
10007709289,5934,709,280
10007710561,6150,714,311
10007711569,6048,710,298
10007712289,5292,630,252
10007713249,5130,611,244
10007713321,5028,571,267
10007714329,6552,767,325
10007714809,3972,501,161
10007715769,4830,557,248
10007716441,6342,759,298
10007716489,3624,436,168
10007716681,4356,519,207
10007718289,6720,792,328
10007718961,5232,640,232
10007719201,4596,541,225
10007720209,4524,545,209
10007721649,4602,537,230
10007722321,4998,560,273
10007722369,5568,628,300
10007722489,5988,724,274
10007724049,4722,586,201
10007725561,4032,463,209
10007725921,5856,687,289
10007726089,5232,618,254
10007727601,4422,489,248
10007728201,5250,591,284
10007728369,5418,597,306
10007729449,5124,609,245
10007730049,4680,519,261
10007730769,4110,484,201
10007731609,5172,630,232
10007731969,6198,727,306
10007732281,5232,589,283
10007732569,5112,565,287
10007732809,4368,503,225
10007734081,4290,529,186
10007734249,5310,605,280
10007734489,5340,642,248
10007734921,5784,683,281
10007737489,5220,612,258
10007737609,4362,505,222
10007739121,4950,564,261
10007739529,6240,769,271
10007740009,5298,614,269
10007740681,4452,505,237
10007740801,4620,555,215
10007743201,4026,468,203
10007743561,4566,527,234
10007744041,4512,517,235
10007744209,6186,727,304
10007745409,4758,579,214
10007746849,4536,525,231
10007746921,4776,566,230
10007747401,5982,745,252
10007747521,6426,761,310
10007747689,4194,460,239
10007748601,5172,615,247
10007749441,5190,597,268
10007750209,6378,748,315
10007751121,4908,565,253
10007751769,4092,504,178
10007751889,5040,594,246
10007751961,4536,532,224
10007752969,5334,619,270
10007753641,5364,666,228
10007754481,5094,579,270
10007755081,5058,583,260
10007756089,5736,675,281
10007756329,5274,615,264
10007757169,5220,605,265
10007757481,5838,679,294
10007758009,6534,751,338
10007758609,5598,634,299
10007758681,6018,717,286
10007759449,5130,595,260
10007760289,5658,675,268
10007761201,5268,591,287
10007763361,5928,683,305
10007763889,5172,616,246
10007764369,4920,569,251
10007765161,4854,564,245
10007766409,5520,660,260
10007767681,5310,639,246
10007768569,5736,689,267
10007768689,4812,561,241
10007769769,5592,678,254
10007770609,3894,446,203
10007772289,5436,633,273
10007773729,6618,789,314
10007773969,5142,617,240
10007774809,6936,789,367
10007775289,5310,614,271
10007776969,4746,573,218
10007777161,5214,598,271
10007778481,5730,676,279
10007781001,4362,499,228
10007781169,4638,573,200
10007781529,4776,574,222
10007781841,4134,506,183
10007783881,5400,627,273
10007784049,4818,539,264
10007784361,4308,489,229
10007785561,4446,508,233
10007786881,4572,544,218
10007787241,5640,636,304
10007787721,4836,584,222
10007788729,4578,534,229
10007789569,5232,613,259
10007789689,5070,599,246
10007791609,5622,675,262
10007792761,6558,795,298
10007795401,5532,682,240
10007795449,5094,591,258
10007795641,5286,612,269
10007796289,5196,583,283
10007797321,5616,663,273
10007799601,6702,789,328
10007800609,5532,631,291
10007800681,7380,884,346
10007802169,4704,550,234
10007802289,4686,561,220
10007803849,4788,547,251
10007804641,6636,769,337
10007805481,5724,684,270
10007805649,5334,631,258
10007805889,3954,444,215
10007806321,5166,626,235
10007806561,4680,549,231
10007807041,5160,621,239
10007807569,5064,607,237
10007810521,5214,588,281
10007810689,7542,914,343
10007811241,5334,610,279
10007811409,6390,779,286
10007811601,5028,583,255
10007812201,5820,690,280
10007812249,6576,773,323
10007812369,3942,465,192
10007812921,6030,749,256
10007814049,5040,565,275
10007816641,5562,648,279
10007816809,4488,500,248
10007817409,5850,694,281
10007817481,4914,572,247
10007818129,4302,487,230
10007818321,4932,618,204
10007819761,4938,537,286
10007820841,5712,697,255
10007821009,5760,665,295
10007821321,4890,599,216
10007822281,5244,648,226
10007823169,5124,631,223
10007823289,6258,768,275
10007823841,3990,491,174
10007824369,4560,538,222
10007825689,4818,543,260
10007826481,4938,564,259
10007829721,5658,658,285
10007830681,4722,530,257
10007830849,4740,570,220
10007833249,5244,599,275
10007833441,4536,536,220
10007834209,5010,580,255
10007835769,5082,599,248
10007836129,4668,537,241
10007836561,4950,591,234
10007837401,4698,554,229
10007837569,5538,660,263
10007838649,5280,607,273
10007839489,5700,649,301
10007839969,5406,612,289
10007840929,5190,632,233
10007841001,4134,505,184
10007841169,5016,597,239
10007841769,5646,665,276
10007842441,4542,552,205
10007843449,5646,642,299
10007844169,5052,604,238
10007844361,4398,506,227
10007846209,5556,639,287
10007846521,5214,616,253
10007846809,5412,634,268
10007848369,5310,610,275
10007849329,4986,623,208
10007849881,5418,630,273
10007850409,5556,656,270
10007850841,5442,664,243
10007850889,4434,509,230
10007851081,4710,552,233
10007851681,4500,538,212
10007851729,5256,621,255
10007851849,6258,747,296
10007853601,4194,504,195
10007854081,4422,520,217
10007854201,4458,539,204
10007855281,5844,699,275
10007855929,5832,678,294
10007856889,5112,598,254
10007856961,5838,657,316
10007857729,5082,587,260
10007858449,5334,597,292
10007859241,5610,657,278
10007861641,5322,612,275
10007862169,5790,663,302
10007862841,6204,766,268
10007863681,7056,815,361
10007864329,5466,660,251
10007865169,4830,580,225
10007865289,4596,558,208
10007866009,4728,558,230
10007866129,5442,684,223
10007866801,4284,486,228
10007867209,6018,702,301
10007868049,4980,579,251
10007868889,5208,594,274
10007869369,5736,687,269
10007869489,5538,674,249
10007871169,6006,715,286
10007871241,4554,542,217
10007871721,5088,568,280
10007873521,5616,679,257
10007874529,4536,538,218
10007874601,4404,525,209
10007875081,4356,524,202
10007875249,4044,472,202
10007875441,5112,601,251
10007878129,4914,589,230
10007878729,5412,623,279
10007879449,5796,699,267
10007879569,6720,802,318
10007880121,5676,672,274
10007880481,4368,505,223
10007881129,5052,591,251
10007881489,5250,593,282
10007882089,6096,692,324
10007882641,4368,499,229
10007882761,5772,691,271
10007882809,4704,553,231
10007883001,4980,584,246
10007883601,5280,590,290
10007884441,3900,455,195
10007884489,4308,536,182
10007884681,5850,705,270
10007885449,4776,570,226
10007885521,5226,610,261
10007886001,4644,539,235
10007887009,5298,610,273
10007887129,4218,488,215
10007887969,5856,692,284
10007888641,5172,575,287
10007888881,4746,518,273
10007889481,6732,826,296
10007889649,5466,642,269
10007891161,5574,637,292
10007891401,6012,692,310
10007892889,5166,613,248
10007894401,4818,604,199
10007896081,5214,604,265
10007896369,4602,530,237
10007897041,5808,680,288
10007897089,4932,551,271
10007897281,4746,532,259
10007898601,4854,550,259
10007899441,4734,550,239
10007900809,6612,785,317
10007901481,6426,758,313
10007902249,5442,640,267
10007904169,5460,642,268
10007904649,5208,632,236
10007904769,5544,642,282
10007907529,4476,512,234
10007907841,5274,617,262
10007907961,6366,750,311
10007908201,4482,510,237
10007908369,5724,696,258
10007908681,4374,513,216
10007909689,5370,625,270
10007910481,5208,597,271
10007911561,6696,772,344
10007912401,4974,582,247
10007913841,5064,606,238
10007914249,5400,625,275
10007914561,5022,631,206
10007914681,5400,673,227
10007917201,5016,562,274
10007918929,5796,703,263
10007919049,5658,653,290
10007919769,5202,581,286
10007921449,5970,710,285
10007921809,5598,657,276
10007923969,4752,531,261
10007925481,4854,560,249
10007925769,5682,661,286
10007928001,4014,467,202
10007928289,5844,686,288
10007928841,4590,517,248
10007928961,5472,644,268
10007930041,4776,576,220
10007930689,4614,512,257
10007930809,6588,776,322
10007931361,4746,574,217
10007931529,5988,735,263
10007931721,4674,543,236
10007932369,5544,645,279
10007932489,5526,611,310
10007933041,6042,728,279
10007933161,6312,745,307
10007934841,5946,713,278
10007934889,5328,643,245
10007935681,5112,577,275
10007935849,4962,578,249
10007936089,5328,644,244
10007936761,4926,598,223
10007937361,4926,582,239
10007937769,5406,670,231
10007939089,5352,646,246
10007939449,4086,468,213
10007940721,5886,676,305
10007941129,5784,669,295
10007941969,4620,587,183
10007942401,5832,685,287
10007942809,4968,576,252
10007943961,5334,616,273
10007944801,5796,702,264
10007945161,6060,714,296
10007946649,5202,605,262
10007946769,5778,682,281
10007946841,3906,457,194
10007947321,4572,534,228
10007949361,4608,542,226
10007949529,5664,659,285
10007949961,3624,407,197
10007950369,4812,567,235
10007953321,5388,652,246
10007955409,4470,506,239
10007958409,5094,633,216
10007958529,5340,619,271
10007959441,6048,738,270
10007960881,6186,711,320
10007961049,4374,481,248
10007961961,5838,643,330
10007962729,5802,694,273
10007963281,5592,641,291
10007965081,5016,610,226
10007965489,5730,675,280
10007967001,5124,595,259
10007967169,6396,747,319
10007967649,5574,675,254
10007970961,5472,647,265
10007971681,5964,693,301
10007972209,5334,600,289
10007973649,4818,580,223
10007973889,5118,598,255
10007975209,5052,598,244
10007975569,3882,440,207
10007976409,5994,719,280
10007976889,4866,557,254
10007977009,4674,576,203
10007977249,5322,614,273
10007977729,5310,640,245
10007978089,5862,724,253
10007978689,4968,585,243
10007980369,6186,720,311
10007981089,7092,798,384
10007981281,5628,647,291
10007981449,5388,659,239
10007982121,6246,743,298
10007983561,4644,531,243
10007983969,5436,651,255
10007984449,4482,511,236
10007986081,4956,591,235
10007986321,5322,657,230
10007987929,4362,495,232
10007988169,5700,658,292
10007989441,4596,536,230
10007992201,6486,779,302
10007992681,6462,751,326
10007993209,4524,536,218
10007994049,5214,601,268
10007995201,4434,521,218
10007995321,4878,548,265
10007996041,5682,661,286
10007997409,5766,693,268
10007997721,4842,583,224
10007997841,5172,615,247
10007998009,5418,632,271
10007998081,4944,583,241
10007998249,6804,835,299
10007998681,4938,600,223
10007999401,4146,489,202
10007999761,5178,615,248
10008000361,5946,720,271
10008001249,4272,484,228
10008001441,4860,555,255
10008002041,6036,705,301
10008002089,5928,695,293
10008002761,5016,588,248
10008003289,5760,693,267
10008004609,4428,522,216
10008005401,4614,531,238
10008007129,5562,643,284
10008008761,4578,538,225
10008008809,6018,756,247
10008010489,4596,511,255
10008010609,4332,512,210
10008010681,5040,592,248
10008010849,4896,607,209
10008011281,4410,499,236
10008011329,5412,643,259
10008012121,5964,678,316
10008012361,4902,580,237
10008012961,5646,663,278
10008014209,6192,754,278
10008014689,5424,618,286
10008015049,6414,767,302
10008015529,6114,752,267
10008015649,5784,690,274
10008016489,4674,534,245
10008019081,4452,525,217
10008019249,5502,656,261
10008020401,4440,516,224
10008020569,5382,667,230
10008021241,4716,532,254
10008021409,5004,618,216
10008021769,6048,693,315
10008022369,5322,618,269
10008023449,5346,622,269
10008024721,6042,746,261
10008024889,4338,531,192
10008025441,5226,598,273
10008025609,5880,665,315
10008025969,6624,788,316
10008026401,5832,683,289
10008027121,5316,621,265
10008028321,5850,660,315
10008028489,6228,745,293
10008030481,4698,556,227
10008030601,5220,646,224
10008031609,5316,607,279
10008031849,5958,702,291
10008033121,5280,599,281
10008033361,5526,673,248
10008033961,4332,521,201
10008034129,4776,573,223
10008035041,4770,566,229
10008035809,4662,539,238
10008036361,5718,671,282
10008036721,4776,550,246
10008036889,7662,876,401
10008037321,4782,538,259
10008037729,5850,710,265
10008039169,5904,723,261
10008039241,5514,677,242
10008040249,4098,479,204
10008040921,5520,643,277
10008041761,4788,541,257
10008043249,5148,617,241
10008045049,5670,669,276
10008045601,4992,596,236
10008046441,5682,663,284
10008048289,5952,712,280
10008048481,7188,831,367
10008049801,5076,610,236
10008050641,5988,737,261
10008050809,5076,588,258
10008052321,4242,511,196
10008052441,4662,532,245
10008053161,4734,579,210
10008053329,5106,602,249
10008053689,5934,686,303
10008055129,6078,766,247
10008055201,4668,537,241
10008055969,5430,662,243
10008056041,4926,581,240
10008056809,3858,411,232
10008057721,5184,606,258
10008058561,4458,538,205
10008059881,4644,565,209
10008060169,5262,605,272
10008061561,4650,559,216
10008061681,5076,581,265
10008062569,5622,697,240
10008063361,5094,613,236
10008063601,6168,721,307
10008064201,6222,711,326
10008064249,5382,629,268
10008064609,4482,513,234
10008067561,7212,894,308
10008067609,5034,587,252
10008067801,6264,773,271
10008067969,4758,543,250
10008068641,6306,709,342
10008069289,3954,481,178
10008070249,6234,799,240
10008070321,5862,694,283
10008071089,5034,599,240
10008071809,5286,659,222
10008071929,4812,562,240
10008072769,5646,656,285
10008073489,6348,752,306
10008073609,4068,476,202
10008075289,4854,582,227
10008076009,5586,687,244
10008076129,4662,543,234
10008076201,6060,741,269
10008077041,4836,541,265
10008077641,5052,604,238
10008078649,6516,742,344
10008078889,6030,691,314
10008081841,5928,655,333
10008082081,5664,677,267
10008082561,5352,603,289
10008082921,4860,556,254
10008083521,4776,574,222
10008084241,3756,456,170
10008085369,5310,632,253
10008085921,4962,588,239
10008087049,4488,560,188
10008087889,5190,654,211
10008087961,5022,594,243
10008088801,5286,637,244
10008089401,5358,614,279
10008089809,4662,537,240
10008091129,5124,600,254
10008092161,5022,602,235
10008093841,4992,555,277
10008094321,3678,455,158
10008094441,5586,673,258
10008095281,4836,564,242
10008095689,4710,542,243
10008096529,5694,682,267
10008096961,3900,454,196
10008097369,4482,514,233
10008097969,5688,649,299
10008098689,5262,624,253
10008099889,6066,750,261
10008101329,5454,643,266
10008102001,4764,546,248
10008103009,5664,657,287
10008103081,6174,716,313
10008104761,5166,606,255
10008105409,5310,637,248
10008105769,5268,616,262
10008106201,4746,554,237
10008106249,4848,596,212
10008106609,6858,875,268
10008106921,5346,627,264
10008107041,3930,457,198
10008107209,4050,484,191
10008108769,6024,692,312
10008109129,5154,636,223
10008110641,4452,517,225
10008112489,5484,627,287
10008112921,4536,531,225
10008112969,6066,709,302
10008113329,5154,613,246
10008113641,5724,689,265
10008114601,4914,538,281
10008115009,5322,630,257
10008115321,5418,645,258
10008115489,4884,590,224
10008116161,4788,566,232
10008117289,5622,694,243
10008117961,6372,745,317
10008118129,4128,463,225
10008118849,4476,504,242
10008119689,5532,660,262
10008120361,5208,634,234
10008120721,4830,570,235
10008123409,4734,556,233
10008123841,3780,444,186
10008124081,5016,602,234
10008124729,5166,652,209
10008126241,4518,524,229
10008126409,5466,638,273
10008126529,5658,636,307
10008127081,4980,606,224
10008127201,5514,693,226
10008128041,5436,638,268
10008128281,6288,713,335
10008128881,4380,525,205
10008128929,5058,609,234
10008129601,5304,650,234
10008130801,5100,622,228
10008130969,4602,490,277
10008131401,5838,682,291
10008131641,6582,803,294
10008132289,4410,525,210
10008132649,5508,663,255
10008132961,6102,758,259
10008133081,5412,673,229
10008135169,5256,643,233
10008136009,4740,556,234
10008136681,4626,510,261
10008137521,7152,846,346
10008138001,4068,466,212
10008138121,5130,569,286
10008138529,4896,561,255
10008138961,4890,569,246
10008139849,4788,555,243
10008140041,5010,558,277
10008140689,5010,596,239
10008140809,4764,582,212
10008140881,4536,537,219
10008141049,5172,595,267
10008141361,4806,555,246
10008142561,5280,616,264
10008144841,5316,608,278
10008145009,5166,600,261
10008145249,5292,618,264
10008145921,5388,668,230
10008148441,5832,691,281
10008149929,5586,663,268
10008150289,4992,581,251
10008150721,4926,568,253
10008151441,6138,728,295
10008153241,5856,700,276
10008153289,6030,684,321
10008153409,5934,713,276
10008153481,5634,679,260
10008154801,5370,667,228
10008156841,4212,490,212
10008157009,5904,724,260
10008157609,5040,590,250
10008157681,6012,722,280
10008157849,5262,643,234
10008160369,4854,573,236
10008160849,4716,542,244
10008161041,5952,718,274
10008163201,4272,513,199
10008163369,4494,496,253
10008165001,5442,644,263
10008165049,4212,493,209
10008165721,4002,465,202
10008165889,5376,661,235
10008166561,4218,516,187
10008167401,5826,710,261
10008167761,5076,606,240
10008168361,4770,540,255
10008168409,5256,592,284
10008169201,4968,572,256
10008169609,4362,523,204
10008170089,6546,780,311
10008171601,5376,633,263
10008172441,5322,648,239
10008172609,5154,628,231
10008173281,5106,609,242
10008174481,6618,788,315
10008176161,5208,622,246
10008176329,6012,682,320
10008177601,5190,616,249
10008178441,5814,682,287
10008178489,4716,574,212
10008179161,5328,606,282
10008179521,5106,622,229
10008180001,5034,602,237
10008181009,5466,608,303
10008181681,4476,523,223
10008181849,5310,634,251
10008181969,4836,596,210
10008182641,5262,618,259
10008182881,4794,572,227
10008183529,5112,630,222
10008183721,6606,741,360
10008184201,5388,633,265
10008184321,4830,577,228
10008184369,5022,598,239
10008184489,5244,620,254
10008184729,4638,551,222
10008186049,5070,590,255
10008187921,4512,516,236
10008188569,6132,743,279
10008188761,5580,642,288
10008189601,5070,604,241
10008191041,4842,550,257
10008191761,5682,649,298
10008191929,5886,679,302
10008192769,4152,506,186
10008193609,5550,640,285
10008193801,5634,661,278
10008194569,5868,662,316
10008195121,4386,513,218
10008196321,6570,750,345
10008197761,4482,558,189
10008198169,5832,696,276
10008198601,5772,626,336
10008198649,5412,633,269
10008198841,5070,610,235
10008200689,6174,762,267
10008202201,5586,697,234
10008202969,5838,687,286
10008203041,5244,572,302
10008205561,5154,630,229
10008205729,5208,607,261
10008206401,5784,691,273
10008207049,6630,837,268
10008207721,5646,670,271
10008208081,4938,599,224
10008209521,5718,695,258
10008210241,4656,549,227
10008210361,5712,683,269
10008211921,6126,739,282
10008212041,5046,599,242
10008212089,4728,547,241
10008212281,4644,532,242
10008213049,5748,663,295
10008213961,5166,608,253
10008214441,4776,531,265
10008214729,6852,787,355
10008215449,5130,603,252
10008215641,6330,767,288
10008216289,5142,617,240
10008216649,5676,689,257
10008216961,5094,611,238
10008217129,5406,648,253
10008217249,6390,741,324
10008217489,7920,887,433
10008217969,5214,602,267
10008218641,5154,606,253
10008218809,5106,584,267
10008218929,5220,622,248
10008219601,3936,470,186
10008220009,5298,644,239
10008221161,4770,564,231
10008222529,5766,682,279
10008224041,5346,618,273
10008225049,4812,567,235
10008225529,4938,584,239
10008226369,5172,599,263
10008226561,6132,711,311
10008226729,4548,529,229
10008229249,5370,649,246
10008229849,5778,668,295
10008230761,4530,539,216
10008231769,5178,603,260
10008232081,4038,492,181
10008232249,5556,655,271
10008232441,5784,690,274
10008234601,5190,599,266
10008234961,5640,658,282
10008235129,4956,566,260
10008235729,4818,562,241
10008237409,4884,562,252
10008237961,6054,704,305
10008238969,5340,613,277
10008239161,5856,680,296
10008239929,5970,680,315
10008240169,4668,540,238
10008241489,5382,631,266
10008241609,6726,851,270
10008242521,5166,619,242
10008242689,5544,600,324
10008243841,5034,609,230
10008244801,5598,620,313
10008244849,4512,531,221
10008245881,6528,738,350
10008246649,5664,638,306
10008247201,5772,696,266
10008248161,4554,519,240
10008248329,4614,550,219
10008249409,4440,529,211
10008249721,5712,675,277
10008249841,7470,921,324
10008250249,5196,591,275
10008250729,4734,543,246
10008251689,5280,655,225
10008252601,5244,631,243
10008253201,4734,564,225
10008253441,4878,563,250
10008253921,4908,557,261
10008254041,4674,533,246
10008254449,5796,662,304
10008255721,4860,559,251
10008256129,3648,421,187
10008256801,5010,602,233
10008257569,5148,596,262
10008257641,7230,850,355
10008258961,5496,669,247
10008261649,5148,603,255
10008261841,5592,675,257
10008264121,5868,655,323
10008264529,4998,573,260
10008264841,5664,685,259
10008264961,5910,707,278
10008265801,5886,681,300
10008265849,4992,562,270
10008266209,4920,607,213
10008266689,4986,564,267
10008267481,4158,474,219
10008268201,4884,566,248
10008268489,5616,672,264
10008269569,4482,517,230
10008270169,6072,737,275
10008270721,5160,577,283
10008271729,4848,577,231
10008273241,5634,661,278
10008273601,5430,663,242
10008274921,5910,694,291
10008275209,3954,445,214
10008276769,4758,539,254
10008277129,5556,633,293
10008277729,7764,891,403
10008278281,4956,590,236
10008278809,5142,588,269
10008279649,4140,462,228
10008280129,4092,478,204
10008280969,5088,600,248
10008281161,4908,569,249
10008281641,4980,582,248
10008281761,5034,571,268
10008281929,5058,620,223
10008282769,5136,628,228
10008283489,5754,665,294
10008284281,4962,591,236
10008284329,6162,699,328
10008285121,4350,521,204
10008285841,5148,561,297
10008286129,5382,607,290
10008286681,4674,536,243
10008286969,5520,643,277
10008287041,4854,533,276
10008287881,5724,665,289
10008289201,5862,680,297
10008290161,5190,597,268
10008290209,4164,443,251
10008290329,5100,624,226
10008290401,6726,813,308
10008291721,5118,594,259
10008292081,7194,906,293
10008293401,5046,567,274
10008293521,5880,714,266
10008294529,5142,583,274
10008294601,6258,782,261
10008295441,5034,581,258
10008296041,5010,596,239
10008296281,4386,541,190
10008297049,4974,598,231
10008297289,5490,648,267
10008297961,4758,556,237
10008298441,4842,544,263
10008298801,4764,567,227
10008299641,5922,676,311
10008300409,4632,533,239
10008301249,4764,589,205
10008301321,5928,701,287
10008301801,3912,453,199
10008301921,5598,653,280
10008303769,4836,574,232
10008304441,5196,636,230
10008304609,5748,668,290
10008307129,5910,718,267
10008307369,5082,596,251
10008308041,6546,771,320
10008308521,5580,645,285
10008309721,4602,531,236
10008310201,4620,519,251
10008310729,5532,616,306
10008312001,4734,568,221
10008312241,4914,571,248
10008313009,5904,764,220
10008313681,5418,680,223
10008313849,5550,641,284
10008314401,4734,559,230
10008314521,5268,643,235
10008315409,4254,485,224
10008316609,4176,510,186
10008317041,5046,632,209
10008317881,4746,570,221
10008317929,5130,592,263
10008318961,4776,536,260
10008319129,6102,699,318
10008319609,5856,679,297
10008322921,5670,650,295
10008323641,4404,519,215
10008324169,6834,795,344
10008324481,3780,432,198
10008325441,4578,542,221
10008325489,6018,710,293
10008326521,6012,730,272
10008327841,5406,674,227
10008327961,5556,651,275
10008328969,5412,655,247
10008331321,4680,579,201
10008332161,3666,423,188
10008332209,5874,678,301
10008332569,4764,537,257
10008332881,5496,639,277
10008333409,6108,714,304
10008333889,4824,559,245
10008334009,5226,601,270
10008334249,4986,568,263
10008334729,5304,621,263
10008335521,5670,667,278
10008337201,6630,770,335
10008337249,3294,363,186
10008338089,4584,532,232
10008339049,5568,681,247
10008339721,5136,626,230
10008339769,5508,650,268
10008340609,5256,644,232
10008341281,4518,505,248
10008342481,5034,579,260
10008342961,5256,634,242
10008343129,6108,704,314
10008345001,4860,554,256
10008346321,5532,656,266
10008346441,4506,540,211
10008346609,5022,593,244
10008346681,4476,510,236
10008347161,6144,767,257
10008347281,5388,641,257
10008347521,5316,661,225
10008348529,3720,439,181
10008348841,4962,581,246
10008349369,5100,606,244
10008350809,6936,821,335
10008351481,6306,760,291
10008351649,6054,692,317
10008352561,4368,517,211
10008354049,5226,613,258
10008354841,5682,687,260
10008355009,5550,627,298
10008355249,5430,613,292
10008356089,6372,764,298
10008356521,4674,553,226
10008357769,5484,673,241
10008359089,5100,566,284
10008359209,5178,606,257
10008360289,5346,608,283
10008361801,3360,377,183
10008362569,5262,663,214
10008362641,5322,625,262
10008363121,4854,551,258
10008363961,6000,711,289
10008364129,5022,616,221
10008365089,5922,693,294
10008365641,7236,819,387
10008366169,5364,683,211
10008367441,5928,694,294
10008367849,5070,581,264
10008368449,5076,605,241
10008368521,5646,669,272
10008369289,4848,529,279
10008369961,5592,668,264
10008370369,8970,1054,441
10008371209,5388,669,229
10008371641,5532,644,278
10008371881,5274,617,262
10008372529,4728,554,234
10008373729,5676,704,242
10008374161,5292,626,256
10008374401,4650,575,200
10008374881,5238,627,246
10008375721,5430,637,268
10008375841,5334,654,235
10008376249,5298,603,280
10008376681,5178,630,233
10008377089,5364,612,282
10008379081,5490,634,281
10008380089,4434,525,214
10008380449,4860,587,223
10008382729,5712,668,284
10008383569,6366,769,292
10008384241,5532,652,270
10008384481,5484,662,252
10008384961,4158,477,216
10008385801,5994,692,307
10008385969,5424,640,264
10008386809,5412,632,270
10008386929,5808,672,296
10008387001,5682,670,277
10008388441,4890,544,271
10008391201,5406,643,258
10008391681,4566,558,203
10008391969,5808,679,289
10008392521,6348,769,289
10008393049,4866,574,237
10008394489,6450,755,320
10008395209,5484,635,279
10008396001,5196,622,244
10008396169,6486,782,299
10008396721,4632,552,220
10008397081,4710,521,264
10008397561,5454,663,246
10008398761,5634,649,290
10008398929,4170,474,221
10008399241,4590,521,244
10008399361,4188,492,206
10008399601,5580,653,277
10008401209,5490,661,254
10008401281,5820,665,305
10008401881,4740,532,258
10008402769,5538,686,237
10008404401,5736,687,269
10008404449,5304,592,292
10008404569,5880,664,316
10008405289,4704,555,229
10008406081,4716,587,199
10008406489,4536,513,243
10008407089,4518,501,252
10008408481,5274,608,271
10008409441,4686,558,223
10008411169,5130,604,251
10008412009,6438,804,269
10008412369,8982,1060,437
10008412681,5484,638,276
10008413521,6576,756,340
10008416161,5700,694,256
10008416329,6576,774,322
10008417721,4380,510,220
10008417841,5958,703,290
10008418681,5562,657,270
10008421249,7176,859,337
10008421369,4746,565,226
10008421921,4560,537,223
10008422089,5568,628,300
10008422209,5064,588,256
10008422761,5082,609,238
10008425641,5232,608,264
10008425809,6264,742,302
10008426409,4914,570,249
10008427081,4134,494,195
10008428329,4674,559,220
10008428761,5094,598,251
10008429169,5322,623,264
10008429481,5346,621,270
10008429841,4152,494,198
10008430441,4632,541,231
10008431161,4968,588,240
10008432169,4638,551,222
10008432529,5382,624,273
10008433009,4170,484,211
10008433129,5310,623,262
10008433801,4200,513,187
10008436201,3924,449,205
10008438049,3588,415,183
10008438241,5118,593,260
10008438409,4998,603,230
10008438721,4746,565,226
10008438889,5604,690,244
10008439681,4038,464,209
10008440089,5406,649,252
10008440929,5226,630,241
10008441241,6660,823,287
10008441361,4506,528,223
10008445441,3996,458,208
10008445609,5628,666,272
10008446401,5886,687,294
10008446809,4578,501,262
10008447481,5310,629,256
10008449761,5190,611,254
10008449929,5484,637,277
10008450481,5466,594,317
10008451009,5946,695,296
10008452281,4842,573,234
10008453361,4050,492,183
10008453529,4740,571,219
10008454849,5322,645,242
10008455689,5166,624,237
10008456649,3810,447,188
10008456889,5790,690,275
10008458881,4968,573,255
10008459001,4788,578,220
10008459049,5190,603,262
10008459169,4530,532,223
10008460009,5676,666,280
10008460681,5772,674,288
10008460849,5640,695,245
10008460921,5070,612,233
10008461521,5256,632,244
10008461761,4116,490,196
10008461929,5766,687,274
10008462769,5502,631,286
10008463249,5310,636,249
10008464929,4788,526,272
10008465601,5364,662,232
10008465721,4998,598,235
10008465889,5292,612,270
10008467281,4896,580,236
10008469321,7554,864,395
10008469921,6102,681,336
10008470161,5652,676,266
10008470929,6090,718,297
10008471841,6132,742,280
10008473329,6492,784,298
10008473689,4962,587,240
10008476641,5244,621,253
10008476809,5094,613,236
10008477529,6264,750,294
10008477649,5040,585,255
10008478369,6012,705,297
10008479401,5550,654,271
10008480049,4254,491,218
10008480241,5004,576,258
10008481081,4440,523,217
10008482689,4908,581,237
10008483409,5394,640,259
10008483601,5142,581,276
10008483769,4518,564,189
10008484609,6456,759,317
10008484921,5532,659,263
10008485449,5274,618,261
10008485761,4512,517,235
10008485881,5526,683,238
10008486601,5448,642,266
10008487561,5808,692,276
10008488401,4992,605,227
10008488569,6258,753,290
10008489121,4224,487,217
10008489409,4632,537,235
10008489481,5136,584,272
10008489649,5148,632,226
10008490081,7050,844,331
10008490489,6408,720,348
10008490969,4044,460,214
10008493849,5364,641,253
10008494329,6066,719,292
10008495121,4398,497,236
10008495361,5304,619,265
10008495529,5310,601,284
10008496009,5064,609,235
10008496681,4680,557,223
10008497641,5058,604,239
10008499201,5154,607,252
10008501169,5748,687,271
10008502729,4728,572,216
10008503761,5340,640,250
10008504241,5412,670,232
10008504361,5796,696,270
10008505921,6006,708,293
10008506089,4896,592,224
10008507049,5250,621,254
10008507601,3564,409,185
10008507721,4932,578,244
10008509449,5190,597,268
10008510409,5700,685,265
10008510481,5364,660,234
10008511081,4836,593,213
10008511129,5034,600,239
10008511489,5298,640,243
10008511921,5214,629,240
10008512641,4296,516,200
10008512929,5604,648,286
10008514441,5268,623,255
10008515329,5064,621,223
10008515521,5454,622,287
10008516961,3936,459,197
10008517801,5364,626,268
10008517969,5460,637,273
10008518521,4872,599,213
10008518881,4944,582,242
10008519649,5328,627,261
10008521041,5604,666,268
10008521161,5286,617,264
10008521329,4932,547,275
10008522001,4614,528,241
10008522169,4602,545,222
10008522409,5232,627,245
10008523561,5262,578,299
10008524089,4626,569,202
10008524761,4794,566,233
10008526609,4524,535,219
10008527209,6606,791,310
10008527281,4908,571,247
10008528889,5946,678,313
10008530449,4998,580,253
10008531961,5232,632,240
10008532801,4530,555,200
10008532921,5892,676,306
10008537361,5496,640,276
10008537841,3768,465,163
10008538801,5238,628,245
10008539041,5700,669,281
10008539809,6840,823,317
10008540649,5286,620,261
10008541321,4980,591,239
10008541489,5580,661,269
10008541561,5238,595,278
10008542329,4680,536,244
10008543049,6186,730,301
10008545689,5472,645,267
10008546241,5160,611,249
10008546529,5562,646,281
10008546601,4248,524,184
10008548041,5466,687,224
10008548449,4722,531,256
10008548761,5226,606,265
10008548929,5016,600,236
10008549289,5400,678,222
10008549769,3546,436,155
10008550129,5922,722,265
10008550729,4974,622,207
10008550969,5916,665,321
10008551401,4878,594,219
10008551569,4416,509,227
10008552241,4794,584,215
10008552481,6390,737,328
10008553129,5316,635,251
10008553249,5580,671,259
10008553801,4110,493,192
10008553969,6144,721,303
10008554089,5658,649,294
10008554329,4878,554,259
10008555001,4104,482,202
10008555769,6060,749,261
10008556849,5190,593,272
10008557161,4170,497,198
10008557521,5412,650,252
10008558361,5160,584,276
10008559009,5142,609,248
10008560041,5526,643,278
10008560689,4788,533,265
10008561361,5832,697,275
10008561529,5190,629,236
10008561649,5184,624,240
10008561721,4488,577,171
10008562561,5430,660,245
10008563161,4128,485,203
10008567241,4866,563,248
10008569089,5652,695,247
10008570961,6246,720,321
10008571129,5850,698,277
10008571561,5436,646,260
10008571609,5196,627,239
10008573649,5556,662,264
10008574921,4200,499,201
10008575089,7020,834,336
10008575329,4788,531,267
10008576169,5562,684,243
10008577321,5328,631,257
10008578449,3822,443,194
10008579961,5538,637,286
10008581689,5676,680,266
10008582361,5778,665,298
10008582889,5142,586,271
10008584041,5322,642,245
10008584401,5550,647,278
10008585409,5796,645,321
10008585721,5286,630,251
10008585841,4524,527,227
10008587689,4584,520,244
10008589369,4902,562,255
10008590089,5022,589,248
10008590929,4326,502,219
10008591121,3882,432,215
10008592729,5016,613,223
10008593449,5820,707,263
10008593641,4956,586,240
10008593809,4464,514,230
10008594481,5298,624,259
10008594961,4260,505,205
10008598009,6102,721,296
10008599281,4986,597,234
10008600001,3624,399,205
10008600361,5856,688,288
10008601201,5382,614,283
10008602689,5382,670,227
10008603361,5118,598,255
10008603481,5040,590,250
10008603529,6168,726,302
10008605881,4704,544,240
10008606241,4776,575,221
10008606889,5112,610,242
10008607729,7206,838,363
10008608689,5082,581,266
10008609769,5520,687,233
10008610201,4686,554,227
10008611089,4494,518,231
10008611281,4836,558,248
10008611449,5082,612,235
10008611761,5052,585,257
10008614281,5964,676,318
10008615121,5052,582,260
10008615289,6030,745,260
10008616081,5832,688,284
10008619009,5532,632,290
10008619609,4548,544,214
10008621169,5322,631,256
10008621289,6036,717,289
10008622369,5568,647,281
10008622801,4602,539,228
10008623041,5304,644,240
10008624481,5160,598,262
10008624649,4536,538,218
10008624721,5574,679,250
10008625369,5556,653,273
10008625729,4614,547,222
10008628249,5490,672,243
10008629401,3432,392,180
10008630409,4734,561,228
10008630529,5670,715,230
10008631921,6102,719,298
10008632089,4920,555,265
10008632449,4782,557,240
10008632761,5856,668,308
10008633289,5550,669,256
10008634609,5520,637,283
10008634729,5262,624,253
10008636241,5442,642,265
10008638929,4776,526,270
10008639769,6024,785,219
10008639841,6744,811,313
10008640009,4218,479,224
10008641281,4470,517,228
10008641329,4644,548,226
10008641689,5346,628,263
10008642001,4956,598,228
10008642841,4578,566,197
10008645649,5652,693,249
10008645721,7356,873,353
10008646201,4608,526,242
10008646561,4734,558,231
10008647161,6732,827,295
10008647329,5646,650,291
10008647401,3738,437,186
10008648241,5298,614,269
10008649561,4578,536,227
10008649681,6030,686,319
10008650089,3756,435,191
10008650521,4578,551,212
10008653041,5226,632,239
10008653881,4974,596,233
10008653929,5412,641,261
10008654889,4446,519,222
10008654961,6966,857,304
10008655561,5022,588,249
10008655609,5760,691,269
10008657121,4122,499,188
10008657409,4740,569,221
10008657961,4194,479,220
10008658129,5454,645,264
10008659809,4134,501,188
10008659929,5334,647,242
10008660169,5826,693,278
10008660769,5466,657,254
10008661009,4884,600,214
10008661321,5448,650,258
10008663001,6054,788,221
10008663289,4686,535,246
10008663529,6414,738,331
10008665521,7050,830,345
10008666529,3534,413,176
10008667489,5310,664,221
10008668041,5076,609,237
10008669049,5442,639,268
10008673201,4860,598,212
10008674761,6924,864,290
10008674881,6366,748,313
10008675289,4890,600,215
10008676129,7572,885,377
10008676609,5412,615,287
10008676729,5442,680,227
10008676801,5346,621,270
10008677449,3870,463,182
10008677641,5598,699,234
10008678649,4566,538,223
10008679321,4290,508,207
10008679801,6024,675,329
10008679921,5346,643,248
10008680089,5478,691,222
10008680329,6222,762,275
10008680809,5688,643,305
10008681481,4650,582,193
10008682441,4854,562,247
10008683449,5592,658,274
10008683521,4836,570,236
10008683689,4710,550,235
10008684841,4290,523,192
10008685801,6618,793,310
10008686209,4476,539,207
10008687529,3912,446,206
10008688201,5544,654,270
10008689401,5832,686,286
10008690409,5748,665,293
10008690841,5214,631,238
10008692401,5148,634,224
10008692929,3894,454,195
10008694369,4626,546,225
10008695089,6204,725,309
10008696889,5880,698,282
10008696961,4200,496,204
10008697561,5784,697,267
10008697609,5724,678,276
10008697801,5526,676,245
10008699121,4998,590,243
10008700249,5712,683,269
10008700969,4944,603,221
10008701641,4434,507,232
10008702001,4452,520,222
10008703489,4164,488,206
10008704161,5478,650,263
10008705121,4986,579,252
10008706681,4794,566,233
10008706801,3978,480,183
10008707689,5100,597,253
10008708889,4980,591,239
10008709561,7116,805,381
10008709729,5694,647,302
10008710209,4836,576,230
10008711001,3780,432,198
10008712009,4188,465,233
10008712081,4500,529,221
10008712849,6018,720,283
10008713761,5178,632,231
10008714241,5214,605,264
10008714601,5826,700,271
10008714769,5058,598,245
10008715921,5406,629,272
10008716449,6168,720,308
10008716929,4884,576,238
10008717601,5070,580,265
10008717769,5688,696,252
10008718609,6306,738,313
10008718969,5664,653,291
10008719401,6696,779,337
10008719641,7962,926,401
10008720121,4782,583,214
10008722761,5772,695,267
10008723001,5310,651,234
10008724009,5040,574,266
10008724489,6018,709,294
10008726289,4650,517,258
10008726841,5292,622,260
10008727801,5490,676,239
10008728641,6012,695,307
10008729361,3858,473,170
10008729529,5952,701,291
10008730561,5136,585,271
10008731569,5538,650,273
10008731881,5082,622,225
10008732241,5964,707,287
10008732889,3942,472,185
10008733681,5748,663,295
10008733921,5502,646,271
10008734089,5442,631,276
10008734401,4764,555,239
10008734761,4770,568,227
10008735409,4290,492,223
10008737041,5106,610,241
10008737449,4704,545,239
10008738769,5802,682,285
10008739129,5388,623,275
10008739561,5724,680,274
10008741121,5280,611,269
10008741289,4506,525,226
10008742321,5244,637,237
10008742489,5064,606,238
10008743809,5916,677,309
10008744001,5610,678,257
10008745009,5790,689,276
10008745609,4944,605,219
10008746281,4722,520,267
10008746329,5052,599,243
10008747121,5778,673,290
10008747169,4542,532,225
10008749041,5220,642,228
10008749209,5874,716,263
10008749689,5334,623,266
10008750049,4104,472,212
10008751561,5520,659,261
10008752161,5706,660,291
10008752401,5634,657,282
10008753721,5304,636,248
10008754009,5148,597,261
10008754081,5220,594,276
10008755569,5664,708,236
10008757609,5106,601,250
10008759601,5592,676,256
10008760129,5886,698,283
10008760441,5244,611,263
10008760609,4722,560,227
10008762289,5196,575,291
10008762649,5316,650,236
10008764089,5022,601,236
10008764641,4200,482,218
10008764929,4314,513,206
10008765601,5094,633,216
10008766441,5238,658,215
10008766681,4866,546,265
10008767281,5790,710,255
10008769801,4752,542,250
10008770521,4200,499,201
10008770641,4488,518,230
10008771529,4212,479,223
10008773329,5070,612,233
10008773569,4314,516,203
10008774889,4578,553,210
10008776521,5880,679,301
10008777529,5328,605,283
10008777601,4572,557,205
10008778249,5820,708,262
10008779089,4470,541,204
10008780289,5418,641,262
10008781129,6858,780,363
10008781969,6048,677,331
10008783241,5478,650,263
10008784321,4740,537,253
10008785161,4500,515,235
10008785929,6822,778,359
10008788161,4242,496,211
10008788521,6072,737,275
10008788689,4740,530,260
10008789001,5832,675,297
10008789529,4542,544,213
10008790369,6342,740,317
10008790849,5148,609,249
10008794209,6330,702,353
10008794329,5484,628,286
10008794569,6018,698,305
10008796729,4434,509,230
10008798529,5454,650,259
10008799921,4428,483,255
10008800041,5982,733,264
10008802129,5328,666,222
10008805129,3882,458,189
10008805321,5202,621,246
10008805801,5946,696,295
10008806089,5514,640,279
10008806641,6360,736,324
10008808609,6936,825,331
10008809281,4218,498,205
10008809689,5532,670,252
10008810001,5340,650,240
10008810169,6330,765,290
10008812689,5172,630,232
10008814369,5862,687,290
10008814489,5088,589,259
10008815209,5772,672,290
10008815329,5172,588,274
10008815881,4746,555,236
10008816841,5280,616,264
10008817681,5424,615,289
10008819361,4716,569,217
10008819409,4356,500,226
10008820441,5508,663,255
10008821041,5898,698,285
10008821209,4446,534,207
10008821929,6000,714,286
10008822961,5136,595,261
10008823441,4548,537,221
10008824281,3894,461,188
10008824809,4380,496,234
10008825241,5034,584,255
10008825481,5112,596,256
10008826249,5304,614,270
10008826489,5142,601,256
10008827161,5562,604,323
10008828001,5058,600,243
10008828169,5526,660,261
10008828601,6378,751,312
10008828769,5160,633,227
10008831289,5712,620,332
10008832129,5490,646,269
10008833641,4746,557,234
10008833689,5916,677,309
10008834049,5310,616,269
10008834361,5298,607,276
10008835489,4428,520,218
10008836041,5646,640,301
10008836209,4554,548,211
10008836329,6246,720,321
10008838249,4398,507,226
10008838681,4230,463,242
10008839761,5148,589,269
10008840529,4212,488,214
10008841201,6036,716,290
10008842209,5142,607,250
10008843121,4626,538,233
10008844609,4272,487,225
10008845809,5766,676,285
10008847081,5556,656,270
10008847249,4746,578,213
10008847489,5328,586,302
10008847921,5130,612,243
10008848761,5796,734,232
10008848929,6324,834,220
10008850441,6318,702,351
10008850849,6258,749,294
10008852361,4782,541,256
10008853009,5400,655,245
10008854209,5244,602,272
10008854521,5298,650,233
10008854809,5772,662,300
10008855529,5664,645,299
10008855721,5214,604,265
10008856201,4164,479,215
10008856729,5850,692,283
10008857401,5508,644,274
10008858169,5970,746,249
10008858721,4656,551,225
10008859249,4782,546,251
10008860089,6480,759,321
10008860401,5022,592,245
10008860569,4710,562,223
10008860761,5112,574,278
10008860929,5388,660,238
10008861361,5502,662,255
10008861529,4614,532,237
10008863041,4896,556,260
10008863089,4494,538,211
10008863929,4962,582,245
10008864889,5100,607,243
10008865129,4908,600,218
10008866401,4758,540,253
10008866449,5394,637,262
10008866809,7548,893,365
10008867241,4740,555,235
10008867409,5244,615,259
10008867961,5244,594,280
10008868801,4998,597,236
10008870169,4026,468,203
10008871009,5568,665,263
10008871321,4356,520,206
10008871441,6144,772,252
10008871489,5166,627,234
10008872521,6132,748,274
10008873529,5352,634,258
10008873841,4986,604,227
10008874009,5508,658,260
10008876049,5742,672,285
10008876529,6102,713,304
10008877201,5124,610,244
10008879169,4332,509,213
10008879721,5082,572,275
10008879841,4650,533,242
10008880081,5574,659,270
10008882769,5658,657,286
10008883249,4944,561,263
10008885049,4542,544,213
10008886441,3690,436,179
10008888649,5496,671,245
10008889081,4794,560,239
10008889249,4872,566,246
10008889321,6510,776,309
10008889801,5220,612,258
10008890161,5478,647,266
10008890329,4482,528,219
10008890761,3258,388,155
10008891769,5736,682,274
10008892009,4470,534,211
10008892321,4176,482,214
10008893449,4536,553,203
10008895201,5478,656,257
10008896641,4698,566,217
10008897889,5508,642,276
10008899161,4902,578,239
10008899569,6462,734,343
10008902089,5358,637,256
10008905041,4752,543,249
10008905761,5406,659,242
10008906289,5790,658,307
10008908449,4626,564,207
10008908809,4632,547,225
10008909289,5592,646,286
10008909961,5568,666,262
10008910129,5472,608,304
10008910321,5238,595,278
10008910921,4842,528,279
10008912601,4872,563,249
10008913441,5070,607,238
10008914689,8568,1023,405
10008915289,6168,763,265
10008916681,4284,481,233
10008916849,5652,651,291
10008917041,5994,735,264
10008918721,4674,546,233
10008920329,4620,543,227
10008920569,5184,603,261
10008923401,4656,554,222
10008923521,4188,511,187
10008924241,5370,622,273
10008924769,4686,573,208
10008925921,4788,553,245
10008926209,4722,564,223
10008927601,4794,536,263
10008928729,5586,676,255
10008930241,5148,629,229
10008930649,6204,747,287
10008931081,5922,727,260
10008931921,4806,561,240
10008932161,5544,645,279
10008932761,6546,783,308
10008933001,5322,623,264
10008933169,4212,503,199
10008933769,6636,707,399
10008934321,4794,562,237
10008935281,6528,747,341
10008936001,3774,422,207
10008936121,5268,656,222
10008937201,5736,676,280
10008937681,4530,547,208
10008939481,5412,639,263
10008939649,5448,618,290
10008940321,5172,590,272
10008940729,5646,681,260
10008943729,4872,584,228
10008943849,4974,566,263
10008943921,6138,701,322
10008944401,5226,631,240
10008946249,4734,568,221
10008948049,5184,587,277
10008948769,5358,592,301
10008949609,5238,622,251
10008950449,4314,514,205
10008950569,5574,696,233
10008952801,4686,541,240
10008953161,4734,542,247
10008953641,5388,661,237
10008954001,4008,492,176
10008955849,5910,712,273
10008956521,4812,539,263
10008956689,6378,736,327
10008957121,6282,724,323
10008957169,4518,519,234
10008957841,4218,499,204
10008958801,4470,506,239
10008959209,5916,685,301
10008962401,5916,668,318
10008962569,5448,622,286
10008963001,4632,516,256
10008964681,4860,538,272
10008964921,5604,651,283
10008965929,5448,611,297
10008966241,5118,613,240
10008967081,4794,555,244
10008967921,5880,714,266
10008968089,6114,709,310
10008969889,6450,763,312
10008970729,4374,497,232
10008970801,4386,494,237
10008972289,5502,668,249
10008972481,3564,426,168
10008974329,5148,582,276
10008975841,4872,564,248
10008977521,5850,666,309
10008979009,4596,522,244
10008981361,4836,574,232
10008981529,5568,666,262
10008982561,5004,598,236
10008983329,5250,607,268
10008984721,5802,666,301
10008985009,4962,601,226
10008985249,6774,805,324
10008985561,4368,506,222
10008985729,6252,736,306
10008986569,6690,789,326
10008988369,6192,738,294
10008990049,5028,589,249
10008990769,5274,613,266
10008991129,5094,581,268
10008993121,5478,629,284
10008993289,3570,413,182
10008993649,6096,757,259
10008994081,5832,672,300
10008994921,6990,797,368
10008995641,5634,654,285
10008996601,5766,648,313
10008997489,5670,646,299
10008997681,6174,752,277
10008997849,5670,662,283
10008998281,4734,539,250
10008998449,5586,667,264
10009000201,5178,601,262
10009000369,4692,543,239
10009000849,5382,596,301
10009001521,5040,596,244
10009001689,5538,640,283
10009003561,5634,669,270
10009004209,3960,451,209
10009005169,5562,665,262
10009006081,5916,708,278
10009006729,5760,705,255
10009006849,5340,611,279
10009007401,5424,598,306
10009007521,5958,700,293
10009007689,5934,729,260
10009008241,4764,557,237
10009009609,5214,633,236
10009010041,5694,681,268
10009010881,4662,547,230
10009011601,4884,585,229
10009011721,5484,617,297
10009012969,6864,802,342
10009014241,5640,686,254
10009014409,4212,497,205
10009015321,5622,673,264
10009016161,3906,438,213
10009017169,8868,1035,443
10009018009,4332,527,195
10009018321,4734,546,243
10009019281,5016,625,211
10009020169,5076,617,229
10009020529,6492,747,335
10009022809,5022,602,235
10009023481,5154,627,232
10009025041,4524,541,213
10009028521,6378,756,307
10009028761,6858,790,353
10009029409,5640,648,292
10009030201,4248,495,213
10009030441,6246,730,311
10009031089,5640,645,295
10009031281,4866,583,228
10009031761,4350,512,213
10009031881,4764,544,250
10009032289,4674,560,219
10009032601,6054,701,308
10009034401,4596,544,222
10009034569,5286,643,238
10009034809,4608,533,235
10009036129,4872,545,267
10009036489,4320,497,223
10009037329,4866,578,233
10009037761,5724,651,303
10009037809,4248,510,198
10009038649,3954,444,215
10009041001,5886,687,294
10009041529,5538,663,260
10009044649,6468,782,296
10009044889,6906,815,336
10009045369,5682,671,276
10009046329,5742,686,271
10009046401,5118,592,261
10009048009,4512,520,232
10009049689,4818,563,240
10009051609,6360,773,287
10009052281,5976,646,350
10009052929,5772,683,279
10009053721,6078,707,306
10009054129,5646,668,273
10009056649,6750,850,275
10009057081,5172,609,253
10009058929,5256,592,284
10009060681,5772,681,281
10009061329,5172,636,226
10009061521,6276,729,317
10009063369,5550,639,286
10009064641,4092,465,217
10009065721,5286,654,227
10009066321,3948,493,165
10009067161,4980,576,254
10009067329,5262,618,259
10009068001,4542,523,234
10009068409,5556,649,277
10009068721,4878,567,246
10009069729,5736,680,276
10009070521,4752,552,240
10009070761,5658,657,286
10009071409,5340,655,235
10009072369,4884,549,265
10009073449,6492,795,287
10009074121,5784,685,279
10009074601,4080,469,211
10009075129,3990,457,208
10009076449,5214,614,255
10009077649,4896,569,247
10009078489,5400,637,263
10009078801,5358,641,252
10009080001,5604,692,242
10009080481,4152,492,200
10009080841,5922,712,275
10009081009,5358,626,267
10009081441,5622,701,236
10009082329,4110,474,211
10009082521,4770,560,235
10009083001,5298,621,262
10009083289,5574,676,253
10009083361,4686,592,189
10009083529,4764,540,254
10009084009,5058,558,285
10009084801,3540,417,173
10009085209,5838,712,261
10009085521,5634,684,255
10009086649,5574,633,296
10009087201,3660,435,175
10009087369,5070,569,276
10009087489,5112,603,249
10009088161,5478,628,285
10009088329,4398,505,228
10009089241,5280,616,264
10009091569,4554,527,232
10009091689,7776,932,364
10009092361,5760,635,325
10009095121,4524,529,225
10009095721,5496,655,261
10009097281,4632,565,207
10009098289,5280,614,266
10009098409,6810,812,323
10009099249,5184,627,237
10009100089,5646,673,268
10009100161,6072,704,308
10009100329,5526,656,265
10009100641,4602,529,238
10009100809,6816,785,351
10009101481,5034,599,240
10009101841,6084,710,304
10009103281,5436,639,267
10009103329,4194,507,192
10009104121,5334,583,306
10009104169,4578,529,234
10009105369,6012,682,320
10009106521,6252,784,258
10009107649,5478,637,276
10009108729,4956,587,239
10009109569,5448,654,254
10009112401,3996,495,171
10009113241,5898,672,311
10009114369,5100,619,231
10009114441,5484,640,274
10009115761,5550,682,243
10009115881,5022,606,231
10009116961,5118,598,255
10009117801,4962,594,233
10009119961,4536,545,211
10009120921,5622,681,256
10009120969,5094,608,241
10009121809,5094,595,254
10009122601,4758,557,236
10009124689,5370,632,263
10009125001,4806,566,235
10009126009,4824,596,208
10009126201,7176,830,366
10009126849,5070,598,247
10009126969,5232,597,275
10009127809,5028,584,254
10009130569,5904,721,263
10009130881,4488,472,276
10009131001,4632,556,216
10009132009,6660,796,314
10009132561,4734,543,246
10009132729,6306,737,314
10009137601,4158,481,212
10009137961,4086,464,217
10009138441,4650,511,264
10009139401,5364,619,275
10009140241,5598,650,283
10009140289,5040,572,268
10009140481,6198,743,290
10009142641,4224,497,207
10009142761,5724,677,277
10009142929,5856,687,289
10009144609,5286,638,243
10009144681,4860,560,250
10009145161,4344,490,234
10009145281,5148,590,268
10009145449,5148,615,243
10009146001,4944,559,265
10009147201,3666,407,204
10009147849,4536,527,229
10009148521,5958,722,271
10009148689,6054,708,301
10009150321,4668,563,215
10009150369,3612,402,200
10009150729,6072,714,298
10009151881,5442,654,253
10009155601,4458,524,219
10009155769,5880,677,303
10009156081,5388,616,282
10009156609,4770,563,232
10009158121,5820,674,296
10009158769,4506,509,242
10009159129,5694,668,281
10009159561,6096,731,285
10009159729,5250,627,248
10009160641,5574,677,252
10009162081,4596,530,236
10009162489,5430,645,260
10009163641,6432,745,327
10009164769,6396,785,281
10009165321,5580,645,285
10009166281,5058,606,237
10009168201,5850,712,263
10009168969,5214,607,262
10009169041,4410,518,217
10009170481,4230,506,199
10009170649,4680,533,247
10009171201,4416,519,217
10009171369,6294,811,238
10009171561,5622,662,275
10009171729,5730,685,270
10009173049,5616,698,238
10009173169,5616,653,283
10009173409,4830,563,242
10009173841,6822,790,347
10009174561,4632,531,241
10009174729,4578,534,229
10009175929,5268,581,297
10009176769,5244,634,240
10009177921,5964,707,287
10009178089,5214,602,267
10009178449,5166,631,230
10009178761,5316,612,274
10009180561,4818,546,257
10009180969,5226,612,259
10009182289,5430,630,275
10009184161,5286,618,263
10009185649,6258,755,288
10009186009,4182,498,199
10009188289,5358,635,258
10009188361,5466,680,231
10009189009,5160,619,241
10009189681,5136,601,255
10009189849,5742,704,253
10009190881,4902,597,220
10009191481,5496,644,272
10009192321,5412,647,255
10009193041,4674,530,249
10009193209,5082,614,233
10009193329,4926,570,251
10009195081,5466,649,262
10009195249,5310,627,258
10009196401,5028,591,247
10009196569,4650,545,230
10009196761,4980,584,246
10009197241,4854,589,220
10009197361,5286,644,237
10009197769,6000,715,285
10009198609,5508,647,271
10009199281,5388,639,259
10009200889,5676,689,257
10009201441,5634,672,267
10009201561,5568,674,254
10009202809,5208,596,272
10009203961,4836,560,246
10009204129,4836,567,239
10009204969,4716,520,266
10009205929,5610,690,245
10009206481,5358,639,254
10009207489,5316,674,212
10009208329,5334,603,286
10009208449,4794,567,232
10009209169,3936,479,177
10009209841,4656,551,225
10009210129,5508,657,261
10009211041,4770,546,249
10009211209,5442,634,273
10009212481,4212,486,216
10009216249,7560,916,344
10009216681,5334,606,283
10009217089,4614,536,233
10009219609,4320,504,216
10009221049,5472,643,269
10009221601,4734,537,252
10009222441,5328,631,257
10009222609,4116,472,214
10009222969,4878,577,236
10009223641,3984,461,203
10009224241,5400,637,263
10009224289,5064,579,265
10009225249,4896,559,257
10009225489,6486,737,344
10009225921,5502,672,245
10009225969,5562,666,261
10009226761,5502,651,266
10009227001,5532,656,266
10009227169,6192,726,306
10009227841,6030,724,281
10009228441,4122,490,197
10009228609,5244,613,261
10009229449,5742,684,273
10009229521,4848,567,241
10009230169,5334,608,281
10009232809,4170,514,181
10009233049,4752,576,216
10009234201,5346,619,272
10009234489,5292,612,270
10009235881,5184,585,279
10009236169,5262,629,248
10009237081,5052,616,226
10009237729,5184,625,239
10009237921,6048,691,317
10009238401,5568,654,274
10009238689,4608,499,269
10009239529,4728,579,209
10009240249,5502,660,257
10009240369,5376,675,221
10009241041,4668,546,232
10009241449,4458,535,208
10009242121,5382,633,264
10009242601,4956,624,202
10009242721,4092,471,211
10009243729,6246,735,306
10009245481,5184,617,247
10009247089,6072,701,311
10009247161,4512,545,207
10009247761,4938,571,252
10009248649,5544,637,287
10009249009,5364,621,273
10009249321,5184,579,285
10009249441,4626,542,229
10009251361,5238,605,268
10009251961,5382,640,257
10009252849,5454,645,264
10009252969,4128,486,202
10009254049,6720,780,340
10009254529,4950,571,254
10009254889,6876,765,381
10009255369,5712,673,279
10009256041,4740,562,228
10009256401,4668,528,250
10009257169,6318,778,275
10009258009,4770,548,247
10009258081,4530,564,191
10009258561,4452,539,203
10009258921,4728,578,210
10009259569,5118,615,238
10009260241,5490,633,282
10009260529,5556,651,275
10009260601,6144,710,314
10009261609,5484,675,239
10009262041,4272,508,204
10009262281,5034,612,227
10009262761,4164,469,225
10009262929,4974,591,238
10009264609,4512,519,233
10009264801,5418,639,264
10009265401,5064,621,223
10009265449,5856,687,289
10009267249,5712,721,231
10009267921,4446,524,217
10009267969,5676,639,307
10009268161,4782,572,225
10009268329,5538,670,253
10009269169,4950,588,237
10009269649,4878,576,237
10009270009,5436,667,239
10009271449,4140,518,172
10009271689,5478,662,251
10009272961,6018,694,309
10009273129,4824,579,225
10009273369,5352,637,255
10009274881,4386,518,213
10009275049,4680,562,218
10009275889,5586,657,274
10009276729,4650,539,236
10009277209,5172,593,269
10009277329,6312,745,307
10009278049,4902,575,242
10009279921,6006,688,313
10009280401,4320,507,213
10009280929,5970,738,257
10009281409,5772,683,279
10009283281,5472,655,257
10009283761,4302,498,219
10009283929,5670,667,278
10009285129,5760,669,291
10009285609,4944,572,252
10009285969,5088,603,245
10009286281,4548,511,247
10009286569,4908,600,218
10009286641,3948,427,231
10009287241,7206,856,345
10009288249,4626,559,212
10009288921,4836,579,227
10009289089,5682,666,281
10009289161,4356,513,213
10009290001,6306,780,271
10009291441,5274,632,247
10009291489,5262,611,266
10009291849,5910,695,290
10009294201,7458,844,399
10009296481,5376,635,261
10009296529,5142,612,245
10009296889,5040,597,243
10009297201,4818,600,203
10009297369,4944,594,230
10009297561,5052,586,256
10009298209,4614,558,211
10009299721,4494,524,225
10009302241,3942,461,196
10009302529,6042,738,269
10009302601,3378,395,168
10009304281,5034,589,250
10009305121,5202,629,238
10009305289,5514,640,279
10009306729,5148,601,257
10009306969,5430,605,300
10009308121,5928,693,295
10009311601,5214,622,247
10009312609,7188,851,347
10009313521,5742,659,298
10009314169,4458,500,243
10009314529,5124,585,269
10009315009,4494,529,220
10009316689,6318,773,280
10009317649,4992,594,238
10009318321,5352,655,237
10009318489,4470,527,218
10009319209,5862,690,287
10009320169,4956,580,246
10009321249,5016,612,224
10009321561,5310,643,242
10009323769,5100,572,278
10009324081,3882,465,182
10009325881,3846,446,195
10009325929,5424,638,266
10009326721,4488,533,215
10009327441,5580,640,290
10009330081,4236,504,202
10009330489,5352,645,247
10009330921,5412,656,246
10009331809,4032,480,192
10009332169,5046,589,252
10009334329,6726,828,293
10009334449,4188,486,212
10009334689,5226,612,259
10009335169,4836,565,241
10009336009,4902,569,248
10009337641,5220,611,259
10009338649,5340,649,241
10009340881,4746,567,224
10009341049,8658,1010,433
10009342729,4464,503,241
10009343401,4926,568,253
10009343689,4890,560,255
10009345249,5316,639,247
10009345609,6096,697,319
10009347121,4830,609,196
10009347961,5496,633,283
10009348801,5472,662,250
10009349281,5208,638,230
10009350121,3858,436,207
10009351249,5016,601,235
10009352761,4722,543,244
10009354609,4626,510,261
10009354681,5034,619,220
10009355689,4668,568,210
10009356001,5556,648,278
10009356961,4764,578,216
10009357009,4992,570,262
10009357849,5724,634,320
10009360201,4872,572,240
10009361569,5466,661,250
10009362049,6444,738,336
10009362409,5574,673,256
10009362721,5484,656,258
10009363081,5112,608,244
10009364569,4932,565,257
10009366201,5742,674,283
10009367089,5508,652,266
10009367209,5016,592,244
10009367281,4380,504,226
10009368601,5844,691,283
10009369129,4860,593,217
10009369561,4050,464,211
10009371961,4368,497,231
10009373161,6354,769,290
10009373929,5058,571,272
10009374169,6084,728,286
10009374481,6738,770,353
10009374601,5232,629,243
10009376329,4434,521,218
10009376449,5058,603,240
10009377841,4614,538,231
10009378009,4800,567,233
10009378801,5148,634,224
10009379641,5496,650,266
10009379689,4824,567,237
10009380049,4950,578,247
10009380361,5490,652,263
10009380721,4818,589,214
10009381489,5430,618,287
10009381561,4746,554,237
10009382329,6294,746,303
10009382881,4236,480,226
10009383049,5076,587,259
10009384009,5304,640,244
10009384849,4428,522,216
10009385401,4338,495,228
10009385929,4392,545,187
10009387369,5076,615,231
10009388089,6150,746,279
10009388209,5514,680,239
10009388449,6912,806,346
10009390129,6030,705,300
10009391281,6252,757,285
10009391401,4644,542,232
10009392409,5226,588,283
10009393489,6138,739,284
10009394641,3996,465,201
10009395169,4530,534,221
10009395481,4620,548,222
10009395841,5088,583,265
10009396009,6552,815,277
10009396321,4830,545,260
10009396849,4818,559,244
10009399849,5148,587,271
10009402321,5142,627,230
10009402561,4830,570,235
10009403161,4440,538,202
10009404841,5250,621,254
10009405849,4770,541,254
10009406401,4788,549,249
10009407601,4668,552,226
10009408441,8154,973,386
10009409041,4986,567,264
10009409281,4812,554,248
10009410049,4590,568,197
10009410889,5262,612,265
10009413121,4800,561,239
10009413409,5898,724,259
10009414489,5700,663,287
10009414801,4368,519,209
10009416169,4200,492,208
10009416649,4824,551,253
10009417009,5682,704,243
10009417441,4590,529,236
10009418281,5322,661,226
10009418521,5868,685,293
10009419169,5424,659,245
10009419961,5424,639,265
10009420801,4938,567,256
10009421641,5796,671,295
10009425409,5172,644,218
10009427689,5892,720,262
10009427761,5904,690,294
10009427929,7164,840,354
10009429249,5502,645,272
10009429369,4566,549,212
10009431961,5946,753,238
10009432129,4392,509,223
10009432441,6348,727,331
10009433809,5214,607,262
10009434961,4104,486,198
10009435129,5142,630,227
10009435489,4788,550,248
10009437001,4578,538,225
10009437169,4290,502,213
10009439281,4920,606,214
10009439521,6468,741,337
10009440169,4002,443,224
10009444561,4278,492,221
10009445161,4938,568,255
10009445209,4410,515,220
10009446001,5484,637,277
10009446049,4812,581,221
10009446169,4566,548,213
10009447081,5250,630,245
10009448521,4500,537,213
10009448689,4182,488,209
10009448929,5406,647,254
10009450441,5898,703,280
10009450609,5478,649,264
10009452289,5616,627,309
10009452769,6018,719,284
10009453969,6384,759,305
10009454569,4920,568,252
10009455121,5628,677,261
10009455481,4464,520,224
10009455649,5688,690,258
10009455961,5742,675,282
10009456489,5538,653,270
10009456921,4812,574,228
10009461169,6426,749,322
10009461961,5532,688,234
10009463041,6198,732,301
10009464889,4362,519,208
10009467409,5556,682,244
10009468009,5544,683,241
10009468561,4926,565,256
10009468681,5508,628,290
10009471201,5898,692,291
10009471369,5886,652,329
10009471609,5148,615,243
10009472929,4686,551,230
10009473121,5706,680,271
10009473289,5658,674,269
10009473601,4650,510,265
10009473889,5610,656,279
10009474441,4644,546,228
10009475569,5214,587,282
10009475809,4722,571,216
10009476481,5424,638,266
10009477081,5886,678,303
10009477321,5772,694,268
10009479841,4722,564,223
10009480321,4122,479,208
10009482361,5094,585,264
10009482529,6042,719,288
10009482961,5274,651,228
10009483129,6768,790,338
10009483801,4902,552,265
10009483849,7062,859,318
10009483969,5142,659,198
10009484209,5652,628,314
10009484521,4338,495,228
10009485721,5040,585,255
10009486369,4524,536,218
10009487209,5514,675,244
10009487329,6378,826,237
10009487881,5100,606,244
10009489081,5988,758,240
10009490089,6378,731,332
10009491409,4938,582,241
10009491529,5682,675,272
10009492369,4932,598,224
10009494601,5442,629,278
10009494769,4986,580,251
10009497481,5334,615,274
10009498801,3804,431,203
10009499809,4998,590,243
10009500169,4356,524,202
10009500769,4932,584,238
10009501609,5070,613,232
10009502329,6168,740,288
10009502449,6744,789,335
10009502521,5052,601,241
10009503121,5634,668,271
10009503289,4698,550,233
10009504129,4524,529,225
10009504801,5340,621,269
10009505809,4536,575,181
10009506649,4554,523,236
10009507561,5586,653,278
10009509721,5850,643,332
10009510009,4926,565,256
10009510249,5466,653,258
10009510681,4734,565,224
10009511401,6396,756,310
10009511569,5700,653,297
10009511929,4704,571,213
10009513609,6492,803,279
10009515601,5172,605,257
10009516729,5058,601,242
10009516969,6672,762,350
10009517569,5652,667,275
10009518289,4512,513,239
10009519081,5946,697,294
10009519129,5040,604,236
10009519249,5160,627,233
10009519921,4974,574,255
10009520161,4782,575,222
10009520329,5448,639,269
10009521649,4818,586,217
10009522321,5850,719,256
10009522609,4884,574,240
10009522681,5784,687,277
10009524361,5346,642,249
10009524961,5766,699,262
10009525849,5028,602,236
10009526641,5220,568,302
10009526689,6510,789,296
10009527889,5214,638,231
10009528729,6438,756,317
10009529401,4680,527,253
10009530721,5004,587,247
10009531249,4782,554,243
10009531681,4968,595,233
10009531921,4518,514,239
10009532569,5310,622,263
10009534369,5622,636,301
10009535449,5004,573,261
10009536769,5262,620,257
10009536961,7044,865,309
10009537129,6390,764,301
10009537609,4914,579,240
10009538641,5862,699,278
10009539481,7134,839,350
10009539649,5352,609,283
10009540969,5244,616,258
10009541329,5058,600,243
10009541761,5346,635,256
10009542649,5958,724,269
10009542769,5160,604,256
10009542841,4770,560,235
10009544521,5430,654,251
10009545121,5112,592,260
10009545529,5904,705,279
10009545841,5358,647,246
10009546369,5322,616,271
10009546681,4794,599,200
10009547689,5544,658,266
10009548529,5412,616,286
10009548721,6036,718,288
10009549321,5280,606,274
10009549729,4572,498,264
10009550209,5706,624,327
10009551169,5838,709,264
10009551841,4092,454,228
10009551889,4566,556,205
10009552081,4302,465,252
10009553401,3858,450,193
10009553569,4740,546,244
10009554361,5094,580,269
10009555441,5226,616,255
10009555921,5046,573,268
10009556761,4854,580,229
10009556881,3534,423,166
10009557121,4926,582,239
10009558561,5730,656,299
10009558609,6768,804,324
10009558729,5208,617,251
10009559401,5556,666,260
10009560409,5994,710,289
10009560481,6780,807,323
10009561129,5220,579,291
10009561249,4764,558,236
10009561489,5466,676,235
10009561921,5052,614,228
10009562929,5148,622,236
10009563769,5484,674,240
10009564849,4998,590,243
10009565281,4752,552,240
10009565329,4560,534,226
10009565521,5358,633,260
10009567369,4278,477,236
10009567681,4692,495,287
10009567801,4614,555,214
10009569049,5532,661,261
10009569529,5292,639,243
10009570321,4038,490,183
10009571041,4692,551,231
10009571161,5436,641,265
10009571401,7836,1067,239
10009572841,5196,623,243
10009573009,5796,710,256
10009574089,4824,581,223
10009576201,4224,465,239
10009577449,4530,521,234
10009578289,6432,789,283
10009578889,5544,666,258
10009580281,5490,655,260
10009581649,5382,627,270
10009582081,5868,723,255
10009582249,5628,639,299
10009583641,6156,727,299
10009583761,5646,675,266
10009583809,5094,582,267
10009584601,5550,632,293
10009585849,5580,665,265
10009587001,5112,595,257
10009587361,5358,608,285
10009588129,6018,752,251
10009588801,5994,662,337
10009590049,6450,730,345
10009590889,4890,569,246
10009592881,5382,639,258
10009593001,4938,563,260
10009593241,5052,618,224
10009594009,5022,595,242
10009595521,4320,505,215
10009595569,5298,600,283
10009596241,5118,596,257
10009596361,6738,781,342
10009596409,5856,691,285
10009597201,5196,622,244
10009598881,6168,730,298
10009599049,6120,733,287
10009600129,4998,581,252
10009600609,5526,605,316
10009602241,4788,552,246
10009604161,5406,657,244
10009604929,4890,557,258
10009605481,5100,584,266
10009606489,4266,529,182
10009609009,5256,590,286
10009609801,3888,477,171
10009610209,4764,534,260
10009610521,3588,393,205
10009611889,5502,622,295
10009613329,4548,512,246
10009614001,5256,587,289
10009614049,5604,659,275
10009615009,4458,515,228
10009615849,6216,745,291
10009616521,4524,525,229
10009616761,4908,572,246
10009617361,4830,564,241
10009617769,5964,681,313
10009618081,4122,500,187
10009619041,5694,666,283
10009619089,6966,777,384
10009621129,5772,663,299
10009621441,4716,550,236
10009621969,4962,585,242
10009622401,5118,627,226
10009622641,5898,746,237
10009622809,5508,655,263
10009623241,4692,582,200
10009623289,4332,492,230
10009623649,4284,489,225
10009624249,3930,466,189
10009624969,5478,693,220
10009629169,5784,678,286
10009631041,4338,489,234
10009632049,5010,575,260
10009633729,5058,595,248
10009634329,6252,748,294
10009635169,4980,604,226
10009636249,5382,615,282
10009636921,5292,621,261
10009637401,4722,557,230
10009639249,5592,657,275
10009639921,5364,645,249
10009640041,5502,650,267
10009640281,4278,503,210
10009640449,4704,560,224
10009640761,5694,649,300
10009640881,5004,606,228
10009641121,6234,698,341
10009641721,5112,621,231
10009643569,5202,571,296
10009644121,5472,637,275
10009644241,4188,484,214
10009644649,5028,581,257
10009645969,4572,524,238
10009646929,4710,542,243
10009647649,4212,497,205
10009648321,5418,646,257
10009648849,5046,596,245
10009649329,5082,594,253
10009649449,5898,689,294
10009650529,6438,753,320
10009650961,5616,664,272
10009651009,5304,653,231
10009651369,5508,629,289
10009652881,8088,970,378
10009654729,5472,641,271
10009655041,4566,521,240
10009655209,6066,687,324
10009656169,5550,676,249
10009656841,5022,616,221
10009656889,5610,636,299
10009657849,4830,569,236
10009658401,5190,636,229
10009658521,5166,615,246
10009660081,5688,650,298
10009661089,4638,563,210
10009661209,4416,527,209
10009661449,5244,630,244
10009662049,4374,487,242
10009662889,6276,764,282
10009664809,5154,588,271
10009665409,6126,745,276
10009666081,5370,647,248
10009666801,3996,474,192
10009666921,5634,639,300
10009667641,5358,633,260
10009668601,5982,679,318
10009668841,5106,642,209
10009669321,5604,683,251
10009670521,6324,730,324
10009671121,5064,606,238
10009672009,5154,614,245
10009672969,5106,611,240
10009673809,4524,551,203
10009675729,3690,407,208
10009677001,4818,563,240
10009677241,5256,617,259
10009678681,5664,652,292
10009678849,4572,527,235
10009679521,5580,678,252
10009680409,4554,538,221
10009681369,4452,531,211
10009682929,4536,535,221
10009683049,5352,598,294
10009683121,4140,499,191
10009683289,5196,595,271
10009683601,5424,658,246
10009685281,5454,669,240
10009686121,4590,548,217
10009687081,4914,569,250
10009688761,6474,755,324
10009688929,4872,585,227
10009689601,6648,795,313
10009689841,5418,665,238
10009690681,5220,604,266
10009690849,4944,577,247
10009691281,5910,738,247
10009691521,5040,586,254
10009691689,5118,616,237
10009692169,7068,793,385
10009694521,5130,583,272
10009694641,7224,848,356
10009694689,4830,569,236
10009694881,4872,554,258
10009695481,6276,712,334
10009696201,5340,622,268
10009698001,5598,653,280
10009698409,4668,557,221
10009699849,5538,680,243
10009700689,4416,506,230
10009701409,5358,616,277
10009701601,3948,447,211
10009702249,4974,566,263
10009702369,5310,628,257
10009702441,4512,545,207
10009702609,7806,880,421
10009703761,5694,658,291
10009704769,4656,546,230
10009705129,5526,626,295
10009705561,5748,687,271
10009705729,4986,561,270
10009707649,5166,613,248
10009708321,6606,782,319
10009709329,5574,627,302
10009710481,5142,618,239
10009710769,4740,575,215
10009711321,5268,613,265
10009711609,6624,786,318
10009712689,5796,694,272
10009713529,5868,737,241
10009714201,5340,652,238
10009715041,5208,628,240
10009717561,4434,503,236
10009718161,4842,548,259
10009718401,5742,693,264
10009721089,4260,478,232
10009721401,4392,501,231
10009722241,5268,637,241
10009722409,4326,494,227
10009722529,4002,470,197
10009722601,5472,659,253
10009723609,6108,690,328
10009723921,5262,642,235
10009724041,4086,471,210
10009725601,4392,513,219
10009725769,4980,600,230
10009727809,6120,754,266
10009729801,6360,749,311
10009730329,4644,532,242
10009731649,4800,555,245
10009731769,4854,580,229
10009733281,4650,532,243
10009733689,5964,727,267
10009734001,4806,574,227
10009734121,5364,612,282
10009734841,5664,700,244
10009735009,5034,601,238
10009735849,3330,394,161
10009735969,5136,666,190
10009736641,4506,542,209
10009736881,4812,555,247
10009740241,4806,553,248
10009741081,5700,688,262
10009741849,4026,449,222
10009743241,4314,501,218
10009743409,5220,640,230
10009744609,6108,722,296
10009745089,4512,519,233
10009745209,5838,710,263
10009745761,4662,544,233
10009746121,4614,564,205
10009747801,5298,635,248
10009748809,5586,645,286
10009750081,5052,577,265
10009750321,5280,617,263
10009750969,4344,511,213
10009751161,5046,580,261
10009751641,5904,719,265
10009752001,5874,696,283
10009752769,4548,565,193
10009753009,5220,629,241
10009753321,5046,540,301
10009753441,5076,597,249
10009753849,4638,537,236
10009754281,7248,849,359
10009755169,5856,716,260
10009756369,7902,907,410
10009756969,4572,540,222
10009757209,4704,553,231
10009757521,4518,510,243
10009757689,5640,663,277
10009760161,5304,628,256
10009760209,4788,580,218
10009760881,4284,494,220
10009761841,4164,461,233
10009762729,4950,610,215
10009764361,4704,528,256
10009765369,5892,725,257
10009766449,6750,737,388
10009766929,5514,667,252
10009767769,3912,446,206
10009768129,5142,594,263
10009768729,5022,597,240
10009768801,5568,653,275
10009769281,4614,561,208
10009770409,5730,692,263
10009770961,4956,600,226
10009771081,6066,725,286
10009772089,5508,647,271
10009772161,4362,510,217
10009772809,4080,452,228
10009773001,5298,614,269
10009773601,5700,636,314
10009773769,5778,709,254
10009774441,6108,756,262
10009774681,5118,580,273
10009774849,5982,675,322
10009775161,7848,899,409
10009776169,5112,585,267
10009776529,4206,498,203
10009777681,5646,670,271
10009777969,4770,560,235
10009778689,5598,671,262
10009779049,5328,639,249
10009779361,5460,631,279
10009780201,5214,597,272
10009781209,5538,652,271
10009782001,4830,587,218
10009782889,4992,594,238
10009783081,3498,392,191
10009783249,5754,673,286
10009783921,4512,526,226
10009784089,5940,699,291
10009784689,7032,883,289
10009784761,4686,551,230
10009785241,4062,480,197
10009786081,4908,581,237
10009787041,4464,511,233
10009787089,4938,594,229
10009787209,5814,650,319
10009788049,5622,697,240
10009788769,5334,637,252
10009788889,5010,576,259
10009789441,5370,654,241
10009791289,4926,550,271
10009792921,5250,609,266
10009793809,5586,653,278
10009794169,4908,597,221
10009794601,5088,588,260
10009795681,7458,885,358
10009797169,5226,623,248
10009797361,4626,552,219
10009797529,5370,645,250
10009797841,4962,599,228
10009799689,5250,625,250
10009799809,3798,445,188
10009799881,5148,587,271
10009800649,5568,658,270
10009806409,5142,604,253
10009806769,5118,584,269
10009807369,3744,430,194
10009807441,4608,538,230
10009808089,4578,533,230
10009808929,4170,504,191
10009809289,4074,471,208
10009809721,5454,663,246
10009809889,6456,750,326
10009810609,6750,793,332
10009810801,4392,543,189
10009811281,5172,619,243
10009811641,4842,554,253
10009811809,5520,628,292
10009812121,4302,489,228
10009812961,4272,508,204
10009813081,4626,531,240
10009814329,7074,836,343
10009816489,5604,703,231
10009818121,5010,614,221
10009818289,4452,515,227
10009818529,4680,573,207
10009819129,4860,592,218
10009819681,4734,546,243
10009819849,5874,736,243
10009821649,4566,540,221
10009821721,4236,503,203
10009822201,5346,620,271
10009823401,4716,563,223
10009824841,4362,539,188
10009824889,3978,465,198
10009825849,4836,568,238
10009826569,5214,639,230
10009826929,5484,635,279
10009828201,5412,632,270
10009828249,4938,614,209
10009828369,5610,686,249
10009829881,5928,697,291
10009830601,3888,442,206
10009830889,5820,680,290
10009831561,4620,557,213
10009831801,5352,650,242
10009832281,5196,629,237
10009832809,5880,696,284
10009834129,4608,532,236
10009834321,5814,675,294
10009834489,5070,589,256
10009835761,5394,654,245
10009837489,4566,534,227
10009837681,5646,685,256
10009838161,5184,591,273
10009838521,4632,565,207
10009838689,5166,614,247
10009839001,5766,711,250
10009839121,4482,508,239
10009839529,5448,664,244
10009839841,4716,601,185
10009840681,4596,551,215
10009840849,6840,809,331
10009841641,5610,682,253
10009842361,5058,603,240
10009842481,5598,677,256
10009842649,6162,718,309
10009843369,4434,516,223
10009844041,5490,667,248
10009844401,5628,646,292
10009845169,3552,389,203
10009845889,5868,668,310
10009846849,5412,690,212
10009846921,5172,611,251
10009847689,4296,502,214
10009847929,5274,625,254
10009848241,5154,594,265
10009849609,5730,674,281
10009850209,7878,979,334
10009851601,5112,591,261
10009852561,5568,666,262
10009852969,5604,669,265
10009853281,4590,529,236
10009853401,5670,668,277
10009853569,4518,517,236
10009854961,5634,675,264
10009855129,5352,607,285
10009856929,4698,539,244
10009857841,5196,586,280
10009858489,5022,586,251
10009858849,4440,528,212
10009860121,4584,504,260
10009860169,4458,525,218
10009860841,5682,681,266
10009861129,5046,573,268
10009861369,6180,718,312
10009861969,6414,743,326
10009862209,4506,515,236
10009862881,5130,615,240
10009863049,5202,599,268
10009864321,5460,654,256
10009864369,6126,725,296
10009864561,5268,629,249
10009866721,4854,568,241
10009867561,4446,532,209
10009868689,5226,602,269
10009868761,5460,645,265
10009869409,5034,619,220
10009871041,4686,554,227
10009871281,4860,579,231
10009871761,6582,733,364
10009872601,4308,486,232
10009873129,4644,552,222
10009873441,5196,598,268
10009873561,6018,700,303
10009873609,6660,794,316
10009873729,5844,739,235
10009875649,5586,600,331
10009877161,5100,589,261
10009877641,4734,581,208
10009878649,4518,555,198
10009878841,4938,556,267
10009881529,5316,616,270
10009881961,5256,612,264
10009882369,5004,586,248
10009886401,4896,555,261
10009887169,4866,568,243
10009887721,4848,564,244
10009887841,6270,711,334
10009888249,5832,677,295
10009889689,6558,834,259
10009890409,4332,501,221
10009890529,5244,615,259
10009891081,4884,578,236
10009891369,5628,667,271
10009891921,5958,702,291
10009892209,5574,659,270
10009893889,5478,664,249
10009894129,4974,599,230
10009894969,5142,589,268
10009896241,4224,511,193
10009896409,5436,678,228
10009897081,5652,690,252
10009897801,5502,672,245
10009898161,4812,585,217
10009898329,5664,669,275
10009899841,6006,707,294
10009900009,6102,709,308
10009900489,6360,759,301
10009901521,4536,558,198
10009902961,5376,598,298
10009903009,5052,579,263
10009903129,6012,722,280
10009903369,5436,644,262
10009904209,6432,777,295
10009904809,4218,497,206
10009906729,3522,397,190
10009907881,5520,654,266
10009908721,4866,574,237
10009908841,5226,607,264
10009909081,6222,727,310
10009910089,4818,572,231
10009910401,5916,660,326
10009910689,4560,529,231
10009911361,5382,644,253
10009912201,4560,514,246
10009912441,4506,515,236
10009912609,4770,553,242
10009913929,5760,677,283
10009914049,5856,665,311
10009914121,4758,542,251
10009915969,5934,690,299
10009917481,5178,619,244
10009918129,4746,554,237
10009919641,4776,553,243
10009920001,5004,576,258
10009921489,5766,626,335
10009921681,5316,610,276
10009922281,6180,719,311
10009924681,4464,523,221
10009925521,5316,637,249
10009926361,5136,623,233
10009926481,4290,477,238
10009926529,5280,622,258
10009926649,5352,672,220
10009928569,4728,581,207
10009930081,6150,712,313
10009930561,5874,677,302
10009930681,4980,562,268
10009931689,5274,596,283
10009932409,4008,470,198
10009932601,5082,602,245
10009933249,3792,476,156
10009933369,5754,708,251
10009934881,4866,553,258
10009935289,6156,699,327
10009935721,5022,594,243
10009937401,5364,598,296
10009938649,5466,628,283
10009939321,5982,723,274
10009939969,5550,641,284
10009940329,5754,701,258
10009941769,4518,515,238
10009942321,4302,513,204
10009942489,5172,566,296
10009942849,6204,722,312
10009944001,5586,652,279
10009944121,4686,577,204
10009946209,5364,627,267
10009946641,5322,644,243
10009947481,5250,616,259
10009947889,4956,599,227
10009948489,7182,822,375
10009949161,4620,546,224
10009951561,4326,529,192
10009951921,5520,659,261
10009952401,4026,468,203
10009953601,4686,580,201
10009954081,5004,598,236
10009954441,5106,615,236
10009955881,4962,595,232
10009956049,4092,486,196
10009956889,4152,447,245
10009957609,5418,631,272
10009960321,4320,511,209
10009961089,5610,649,286
10009961761,5088,624,224
10009963489,5346,625,266
10009964521,5418,657,246
10009964689,5646,668,273
10009965961,5346,607,284
10009966201,4242,529,178
10009966849,5166,625,236
10009966969,5592,705,227
10009967041,5592,678,254
10009968361,4662,551,226
10009969561,5346,599,292
10009971409,5280,603,277
10009972009,4926,571,250
10009972081,5016,581,255
10009972561,5400,663,237
10009972681,5064,597,247
10009972849,5142,586,271
10009973401,5670,654,291
10009974361,5394,611,288
10009974409,4710,552,233
10009974769,5376,627,269
10009975081,5796,693,273
10009975249,4980,548,282
10009975369,4200,497,203
10009975441,5274,609,270
10009977049,5736,695,261
10009978129,5022,601,236
10009978441,5484,642,272
10009978969,5526,623,298
10009981249,5988,719,279
10009981801,4038,474,199
10009982161,4620,538,232
10009984321,4590,518,247
10009984441,5622,680,257
10009984609,3660,414,196
10009985329,5436,633,273
10009985449,5466,660,251
10009986001,4572,549,213
10009987969,6408,819,249
10009990561,4776,541,255
10009990729,4950,593,232
10009991401,6126,754,267
10009991569,5022,586,251
10009992049,5388,632,266
10009992169,5244,618,256
10009992409,4956,596,230
10009993009,5292,648,234
10009993681,5004,579,255
10009996201,5706,705,246
10009997089,4974,580,249
10009997281,5232,609,263
10009998049,5454,634,275
10009998601,5328,660,228
10009998721,5838,685,288
10009998961,4368,539,189
10009999969,6780,817,313
